folder,make,code,category,fuel,displacement,images_saved,caption,post_url
Toyota_2NZ_1.3L,Toyota,2NZ,Engine,Petrol,1.3L,5,"TOYOTA 2NZ(1.3L), V4 GASOLINE ENGINE",https://www.facebook.com/jdmmiamimotors/posts/pfbid02gFjA7otLYnszEhXKEzcWAugHYB8LM6jC9TTmVG6zR28TGz6txxmtPvhsoGpfPvwl
Mazda_WL_2.5L,Mazda,WL,Engine,Diesel,2.5L,5,MAZDA WL 2.5L V4 TURBO CHARGED DIESEL ENGINE,https://www.facebook.com/jdmmiamimotors/posts/pfbid02mkSBLvUKMu5Xp4VJWknY8Poe4KBp7PE69b7b2VBsc1d7fELAmBhGamxunNjpqu2Jl
Ford_E5FB_2.3L,Ford,E5FB,Engine,Petrol,2.3L,5,FORD E5FB – 2.3L PETROL DOHC 16V ENGINE,https://www.facebook.com/jdmmiamimotors/posts/pfbid036G5YG7daKdcEaiYxDdorTC8QwA5s8DRZ5YXG3WVMyoeX8sJPGseFwWyvDHcvqR8yl
Nissan_TD27-TURBO_2.7L,Nissan,TD27-TURBO,Engine,Diesel,2.7L,4,NISSAN TD27-TURBO 2.7L DIESEL ENGINE.,https://www.facebook.com/jdmmiamimotors/posts/pfbid02t3CMuqHa7X84XxS6dHCrwsQRcFK8kqa1xVRfTsTdp7kWjUHRJ56oAXZVYiCtMs6Vl
Nissan_YD25-D40_2.5L,Nissan,YD25-D40,Engine,Diesel,2.5L,5,NISSAN YD25-D40 2.5L V4 TURBO CHARGED DIESEL ENGINE,https://www.facebook.com/jdmmiamimotors/posts/pfbid02Dg3HqEvSk2kR6GitLCoxHrEpbfVWvFRRi9w1Rfww8Qb3fHBGsNgi5pcAzXHKQ4K7l
Mazda_L3_2.3L,Mazda,L3,Engine,Petrol,2.3L,5,MAZDA L3 / MZR (2.3L) PETROL ENGINE (DOHC 16-VALVE),https://www.facebook.com/jdmmiamimotors/posts/pfbid02vYzVxPrhVFvBbg3cTmNKywFbJ5LmK9NmGhLbbw2tpnEJaVLtM6fSUgScDhtsXPtzl
Suzuki_M16A_1.6L,Suzuki,M16A,Engine,Petrol,1.6L,3,SUZUKI M16A 1.6 L GASOLINE ENGINE AVAILABLE,https://www.facebook.com/jdmmiamimotors/posts/pfbid0zyXYCSzMpRBozqy7iknyrPBRxdmXuKdojvYYA7K6WD4aL9eVfKxZLSSoYx7ay1cYl
Nissan_QR20_2.0L,Nissan,QR20,Engine,Petrol,2.0L,4,NISSAN QR20 2.0L V4 GASOLINE ENGINE AVAILABLE,https://www.facebook.com/jdmmiamimotors/posts/pfbid0U1EsGCkPqXRptnCdtngfxtatGZWjzscN4H2Kcw5yXzyoBKgv98jpLAeE3Vw2DQFjl
Suzuki_J20A_2.0L,Suzuki,J20A,Engine,Petrol,2.0L,4,SUZUKI J20A 2.0 L GASOLINE ENGINE AVAILABLE,https://www.facebook.com/jdmmiamimotors/posts/pfbid0qaZx18ryFoqBaHo5cKyhsrQXKMm9iSSooBNTrG6wpodZ4r7XRumPZGzPQ9eDiedvl
Hyundai_G3LA_1.0L,Hyundai,G3LA,Engine,Petrol,1.0L,4,HYUNDAI G3LA 1.0 L GASOLINE ENGINE,https://www.facebook.com/jdmmiamimotors/posts/pfbid02bRxp94tG43KbV8Cvz9DAbfTWoBAA2Nd48aCdMzCHGU7fKDn9iS4mVDBC9m8sNRtxl
Mitsubishi_4D56-U_2.5L,Mitsubishi,4D56-U,Engine,Diesel,2.5L,3,MITSUBISHI TRITON 4D56-U(CRDi)2.5L V4 DIESEL ENGINE,https://www.facebook.com/jdmmiamimotors/posts/pfbid0pswf2yjuk5Bsr4aKf11uSsq1AYd1t2fPfyxSgM7GqM4zLboUtWjNZjFNvk9bTGQjl
Toyota_1KZ_3.0L,Toyota,1KZ,Engine,Diesel,3.0L,3,TOYOTA 1KZ 3.0L V4 DIESEL ENGINE,https://www.facebook.com/jdmmiamimotors/posts/pfbid0Tei3J6rmJbvUYMq3bp8q8vF6xp3occwYR3nwWqQoXGJzmWcDQLq2cyvvLTLUP514l
Mitsubishi_4N15_2.4L,Mitsubishi,4N15,Engine,Diesel,2.4L,3,MITSUBISHI 4N15 2.4L DIESEL ENGINE,https://www.facebook.com/jdmmiamimotors/posts/pfbid02Aym6UTY466Se2LYngEjYGiAN54mjzAAcZqqaUiAm9UGL4W9snxikGNeP1JwJDux4l
Ford_P5AT_3.2L,Ford,P5AT,Engine,Diesel,3.2L,4,FORD RANGER P5AT 3.2L DIESEL ENGINE,https://www.facebook.com/jdmmiamimotors/posts/pfbid0fZTk6jvBQE8unUzRwhfy5iLu1euVe5PKTq2d9uEFWrzzG9bjq2cH8XaVHLdsM7iyl
Mazda_WL_2.5L__2,Mazda,WL,Engine,Diesel,2.5L,3,MAZDA WL 2.5L V4 DIESEL ENGINE AVAILABLE,https://www.facebook.com/jdmmiamimotors/posts/pfbid02HKoH6DMSrSEf2PrtXWNQyCXJTnxjj1DtCL5ur8UF6VpyzhTFkNZRaL9Bn1hszACPl
Isuzu_4JJ3_3.0L,Isuzu,4JJ3,Engine,Diesel,3.0L,3,ISUZU 4JJ3 AT- DMAX – 3.0 L DIESEL ENGINE.,https://www.facebook.com/jdmmiamimotors/posts/pfbid05EnCLWcH5aKTAMcgP8etUEVgC2gtd5RTzaVvSB78Vy1183t9v9bhzgewDisxGm8cl
Nissan_QG15_1.5L,Nissan,QG15,Engine,Petrol,1.5L,2,NISSAN QG15 1.5L V 4 GASOLINE ENGINE,https://www.facebook.com/jdmmiamimotors/posts/pfbid02pghB8t6xgsn3MTButzwRcSwb8SJxnkZmqUFTbY6EaNY6qYzrTNWvCKnBfqZs3QHyl
Nissan_GA15_1.5L,Nissan,GA15,Engine,Petrol,1.5L,2,NISSAN GA15 1.5L V 4 GASOLINE ENGINE,https://www.facebook.com/jdmmiamimotors/posts/pfbid0bXyFfSJ2YebejNQzoavz2ME2JnhWAGwyq8KH3qEgMyW9BVbUD7Ap1a2GKqA35G5nl
Toyota_1KD_3.0L,Toyota,1KD,Engine,Diesel,3.0L,3,TOYOTA 1KD 3.0L V4 DIESEL ENGINE.,https://www.facebook.com/jdmmiamimotors/posts/pfbid02f2E8anoaJAUb52276ZxAqFVb8hSSSF8qNsbZQarbTQ2hDxUXDKQuDgsq5mnqTixKl
Toyota_22R_2.4L,Toyota,22R,Engine,Petrol,2.4L,3,TOYOTA 22R 2.4L V4 GASOLINE ENGINE,https://www.facebook.com/jdmmiamimotors/posts/pfbid0q8uR3WVw62cA6DzmzHndarRrWfGTFkbhvCFieyKwuz4ihTPT3GXEvi7LtNufYWRMl
Nissan_QD32-TURBO_3.2L,Nissan,QD32-TURBO,Engine,Diesel,3.2L,3,NISSAN QD32-TURBO  3.2L MANUAL PUMP V4 DIESEL ENGINE.,https://www.facebook.com/jdmmiamimotors/posts/pfbid0ehSiD9tW3fznJ63pyhrXGJs6b7tXuZWzmCFo49TNbdY1LTG99p792GVTA7dSdTegl
Toyota_2GR_3.0L,Toyota,2GR,Engine,Petrol,3.0L,3,TOYOTA 2GR/3GR 3.5/3.0 L GASOLINE ENGINE,https://www.facebook.com/jdmmiamimotors/posts/pfbid02G7r86NbKwMh2Yq9bcXAYhHgtyVwSKH4kAfmVKBxam25paJPvEjabWsVw8cBrZa4l
Nissan_GA16_1.6L,Nissan,GA16,Engine,Petrol,1.6L,3,NISSAN GA16 1.6 L GASOLINE ENGINE,https://www.facebook.com/jdmmiamimotors/posts/pfbid02XJ2dZ3NWGPL6pAHJyj3L58uaG2m9ABPogH4mu9neyMkZF8SgNmDJBsa8K97WAGS2l
Mazda_RF6_2.0L,Mazda,RF6,Engine,Diesel,2.0L,4,MAZDA RF6 2.0L COMMON RAIL DIESEL ENGINE AVAILABLE,https://www.facebook.com/jdmmiamimotors/posts/pfbid0PrYKZXK7i9YZBNiMSqEetyKNU7pE5DEarihT18z7yQpe4fPCmTpkFGShgRaix5oMl
Nissan_MR20_2.0L,Nissan,MR20,Engine,Petrol,2.0L,4,NISSAN MR20 2.0L V4 GASOLINE ENGINE AVAILABLE,https://www.facebook.com/jdmmiamimotors/posts/pfbid0mHMLSeZGiZghaXa2ZrVtAjLP8K9VchmwM7b2mbyiN8zWsVA6Q3TZ5yy1aEe14Z1ql
Hyundai_D4ED_2.2L,Hyundai,D4ED,Engine,Diesel,2.2L,3,HYUNDAI D4ED 2.2 L DIESEL ENGINE.,https://www.facebook.com/jdmmiamimotors/posts/pfbid0f3YBDD7w2XW1MDow4JsYwPdHzL9P61wgQmpfkCNL5joM5Q8jn4QKfZ1ck9DBLZnsl
Toyota_1NZ_1.5L,Toyota,1NZ,Engine,Petrol,1.5L,5,"Toyota 1NZ(1.5L) & 2NZ(1.3L), V4 GASOLINE ENGINE",https://www.facebook.com/jdmmiamimotors/posts/pfbid0QuUmjNpFu95GCwyVucwH3Ph4eZsivJsuWFGue3FaKynZSgigdbWtgv8odJGWKoCWl
Mitsubishi_4D56-U_2.5L__2,Mitsubishi,4D56-U,Engine,Diesel,2.5L,4,MITSUBISHI TRITON 4D56-U(CRDi)2.5L V4 DIESEL ENGINE,https://www.facebook.com/jdmmiamimotors/posts/pfbid037nKZZsTUSee6uKQvJQcpsFaCv9TG7EGFyjjNUuN4vn7mza7vgBekxvmTcEX8mkuwl
Mitsubishi_6G72_3.0L,Mitsubishi,6G72,Engine,Petrol,3.0L,4,MITSUBISHI  6G72 3.0L V6 GASOLINE ENGINE,https://www.facebook.com/jdmmiamimotors/posts/pfbid02WrzEguGVredtti38zEANYt2uVishCHoWVk3xGQmM4h5Q6smMzzDZehMJKQzoFgEl
Nissan_QR25_2.0L,Nissan,QR25,Engine,Petrol,2.0L,4,NISSAN QR25 2.0L/2.5L V4 GASOLINE ENGINE AVAILABLE,https://www.facebook.com/jdmmiamimotors/posts/pfbid03epp1s83PotfnjkJzfLywZHCuABhJzJXoXFN5t3DAwuNCJFKwUd12eaxqGa1oomfl
Hyundai_G4KG_2.4L,Hyundai,G4KG,Engine,Petrol,2.4L,5,HYUNDAI G4KG 2.4L GASOLINE ENGINE,https://www.facebook.com/jdmmiamimotors/posts/pfbid02vbPpwcpe546ZquD55KLvGHVtMvEpKsAXivjuuRtYgMPmPHQ1w6ZL8UWC8kLU23WCl
Hyundai_D4BB_2.5L,Hyundai,D4BB,Engine,Diesel,2.5L,5,HYUNDAI – D4BB 2.5L V4 TURBO AND NON-TURBO DIESEL ENGINE,https://www.facebook.com/jdmmiamimotors/posts/pfbid0dBe2SD5hdxMzT7dgpCYoMB7wKDYz6RPY86DASWwP8vGdf8FF9Y8manc5HN4pVoxCl
Nissan_YD25_2.5L,Nissan,YD25,Engine,Diesel,2.5L,5,NISSAN YD25 2.5L V4 TURBO CHARGED DIESEL ENGINE,https://www.facebook.com/jdmmiamimotors/posts/pfbid0WUQz7uCvvmnNApXofwHhuq3gBawZATgJcdXE2pf5yZfrQsxBHrt22RYSzgC1fagYl
Nissan_TD27-TURBO_2.7L__2,Nissan,TD27-TURBO,Engine,Diesel,2.7L,5,NISSAN TD27-TURBO 2.7L DIESEL ENGINE.,https://www.facebook.com/jdmmiamimotors/posts/pfbid02U8EAriWhymtqLTcC4JWZhwEgHX3js7HH7GBhXPjYgSCgVSVrdsKoFDx7au2iYfm8l
Toyota_5L_3.0L,Toyota,5L,Engine,Diesel,3.0L,4,TOYOTA 5L 3.0L V4 DIESEL ENGINE,https://www.facebook.com/jdmmiamimotors/posts/pfbid034PJgzFv3fZeqfQzXmXSy8iuQpD1twnxX6uxbGw3izHKfNgrmVpa57duJvLMivCKcl
Toyota_3L_2.8L,Toyota,3L,Engine,Diesel,2.8L,5,TOYOTA 3L 2.8 L DIESEL ENGINE,https://www.facebook.com/jdmmiamimotors/posts/pfbid0T3S6ee5ZSRFTuxASAqPyBnqVikfx7ZFyjh41VpQLhQgzak5tj8AmBenvATSjwHiCl
Hyundai_D4HA_2.0L,Hyundai,D4HA,Engine,Diesel,2.0L,4,HYUNDAI D4HA (2.0L)  / D4HB (2.2L) TURBO CHARGED DIESEL ENGINE.,https://www.facebook.com/jdmmiamimotors/posts/pfbid0ZDyCxmEZSFe1T8uFnVWb9YxULQrco6SAJvepid3H7CkvnoHfrQt3RMeSXsohxvrtl
Nissan_ZD30_3.0L,Nissan,ZD30,Engine,Diesel,3.0L,5,NISSAN ZD30 3.0L DIESEL ENGINE,https://www.facebook.com/jdmmiamimotors/posts/pfbid023oTBDtVB9GKiozTksN8f1jdQu4RZGwGVGVt2h34QugNgXfriHbtFmdSVSAW7jsmLl
Toyota_2KD_2.5L,Toyota,2KD,Engine,Diesel,2.5L,4,TOYOTA 2KD ( 2.5L ) V4 DIESEL ENGINE.,https://www.facebook.com/jdmmiamimotors/posts/pfbid02e2EgKB3FLAbQbwzK2qHFN6F3oqF7wgoSacmELkMbqciAXTqihRC57eJfTnhJ3JeCl
Isuzu_4JB1_2.8L,Isuzu,4JB1,Engine,Diesel,2.8L,4,ISUZU 4JB1 2.8L V4 TURBO CHARGED DIESEL ENGINE,https://www.facebook.com/jdmmiamimotors/posts/pfbid0gwjNTheXkZG26uJQKVnLEMPU6CgJvBzRoq5HiJLVjY5oeyGvCc6pb7bjpqCdnSjjl
Isuzu_4JJ1_3.0L,Isuzu,4JJ1,Engine,Diesel,3.0L,5,ISUZU 4JJ1 TURBO INTER COOLER - DMAX – 3.0 L DIESEL ENGINE.,https://www.facebook.com/jdmmiamimotors/posts/pfbid0ZN3xiziyyWamEqcSyX22rx1WrTaT1AcRaqvCnGAf4zEDSFuKK5zzGUZ87AZuKDVhl
Kia_J2_2.7L,Kia,J2,Engine,Diesel,2.7L,5,KIA J2(2.7L) KIA JT(3.0L) V4 DIESEL ENGINE,https://www.facebook.com/jdmmiamimotors/posts/pfbid025QHEcA1cFmFfYRwSaZYnrM7RCB1E7y8nMpQMiiVPTkss4Qr9uyVv64Erjtyuw74cl
Toyota_1KZ_3.0L__2,Toyota,1KZ,Engine,Diesel,3.0L,5,TOYOTA 1KZ 3.0L V4 DIESEL ENGINE,https://www.facebook.com/jdmmiamimotors/posts/pfbid02u2e7qCdvbZKVmnpLh71MfT7BQdfAGjwoenrTnDBBDVfbemoZ3Ko7q6B9jHqDjQcNl
Mazda_W9_2.9L,Mazda,W9,Engine,Diesel,2.9L,5,MAZDA W9 2.9L DIESEL ENGINE AVAILABLE,https://www.facebook.com/jdmmiamimotors/posts/pfbid0v8e34RT7tiEtqNPuqXmbnHmfTESdxkDo3KFeaz4Tt4ShiWEhY6CDQSR2RB971rkol
Mitsubishi_4D56-TURBO_2.5L,Mitsubishi,4D56-TURBO,Engine,Diesel,2.5L,5,MITSUBISHI 4D56-TURBO 2.5L V4 DIESEL ENGINE.,https://www.facebook.com/jdmmiamimotors/posts/pfbid02L8CDKaeKLf6pVywL16f4U8321JyN8dXHxKEtaScDufzxrMqtiUXWTZv7iU8YWeYsl
Mitsubishi_4M40_2.8L,Mitsubishi,4M40,Engine,Diesel,2.8L,5,MITSUBISHI 4M40 (2.8L ) In-line 4 Cylinder turbo charged diesel engine.,https://www.facebook.com/jdmmiamimotors/posts/pfbid02iWhiJY5jVQ4EDxJTqW8CHs2Kf2TGD85L7zgGTQJKb5551K3zgANPWpEcn9Ywcx86l
Mazda_WL_2.5L__3,Mazda,WL,Engine,Diesel,2.5L,5,MAZDA WL 2.5L V4 DIESEL ENGINE AVAILABLE,https://www.facebook.com/jdmmiamimotors/posts/pfbid02mHndwUKJqYW6PauAedU9zSwDfB2ktHRrPRkxpzBqXmEb6uwgngfQJNyuTtACsQBHl
Toyota_1KD_3.0L__2,Toyota,1KD,Engine,Diesel,3.0L,5,TOYOTA 1KD 3.0L V4 DIESEL ENGINE.,https://www.facebook.com/jdmmiamimotors/posts/pfbid0zUoeX9VdfDHUzzzpwamGGbENwe5nVSghftGcsDuFJnE4xdx6GioEUJTQGiLwcXnnl
Mazda_WE_3.0L,Mazda,WE,Engine,Diesel,3.0L,5,MAZDA WE 3.0L V4 DIESEL ENGINE AVAILABLE,https://www.facebook.com/jdmmiamimotors/posts/pfbid0p5Jw9Cq3VK2QhEwWQSNwNnLJmp4zmBdWQBeGKVKcYELPmqPBe22jYyDWCUZgfs2Al
Ford_H9FA_2.4L,Ford,H9FA,Engine,Diesel,2.4L,4,FORD H9FA 2.4 L DIESEL ENGINE,https://www.facebook.com/jdmmiamimotors/posts/pfbid02ZjtiP58eNpRyqkhx8dLn9BrnniFm8GoDt6Mzky9bDqbp9ENbcFG6GW8o6EepEf6Hl
Nissan_BD30_3.0L,Nissan,BD30,Engine,Diesel,3.0L,3,NISSAN BD30 3.0 L 4-CYLINDER DIESEL ENGINE,https://www.facebook.com/jdmmiamimotors/posts/pfbid02Wwc8y9EefKMcz9QVFMzFXM14J3ggdvM5SkCyszZqLhb9vQoHQTf5ubwMBiwSy1tnl
Suzuki_M16A_1.6L__2,Suzuki,M16A,Engine,Petrol,1.6L,3,SUZUKI M16A 1.6 L GASOLINE ENGINE AVAILABLE,https://www.facebook.com/jdmmiamimotors/posts/pfbid022eHdN1ggMXkC4DTgLUzMCVRFn9KiRTrgLPvpmAVzgxW1igLnDVAARijGJBDKJGhQl
Mitsubishi_4M42_3.0L,Mitsubishi,4M42,Engine,Diesel,3.0L,5,Mitsubishi 4M42 (3.0L) Inline 4-Cylinder Turbo charges Diesel engine.,https://www.facebook.com/jdmmiamimotors/posts/pfbid0fBHvpqM2nJAwE8WxsLgcqDuxT7mcPnpDobNKmCY2g5xWPJZHeumwwkUwf2BT99vel
Mitsubishi_4P10_3.0L,Mitsubishi,4P10,Engine,Diesel,3.0L,5,MITSUBISHI FUSO 4P10 3.0 L DIESEL ENGINE,https://www.facebook.com/jdmmiamimotors/posts/pfbid0dNT5u3AHhwsUJCbyMraZ9xr8HNAuyLPa9okVUCSH4uB8Ygi6FfKtqoeErzXv6U3Jl
Hyundai_D4HA,Hyundai,D4HA,Half Cut,,,4,HYUNDAI TUCSON HALF CUT – D4HA ENGINE,https://www.facebook.com/jdmmiamimotors/posts/pfbid06PqPNx1u6oLLXkUxMFgXy6GdgAwy6eXEjeH7mXxniXSPYK8eP2Wqcx24AmeYrRxDl
Toyota_1ZZ,Toyota,1ZZ,Engine,Petrol,,3,TOYOTA 1ZZ 1.8 V4 GASOLINE ENGINE AVAILABLE,https://www.facebook.com/jdmmiamimotors/posts/pfbid0C7wfvVoe7MhPthYpK5DZQCHn8rtYbbNWAyM6qr6xurkUUMYaX4hde1MuxcK9ihKNl
Nissan_TD27_2.7L,Nissan,TD27,Engine,Diesel,2.7L,3,NISSAN TD27  -  2.7L  MANUAL PUMP V4 DIESEL ENGINE.,https://www.facebook.com/jdmmiamimotors/posts/pfbid0418yDZW8541VS2eMDKRkdniYPGituhK4nZsf3uXVwMkmX8YApEahpwA56oZXvQuSl
Chevrolet_F18D4_1.8L,Chevrolet,F18D4,Engine,Petrol,1.8L,4,CHEVROLET F18D4 1.8L GASOLINE ENGINE,https://www.facebook.com/jdmmiamimotors/posts/pfbid0V96P6QrVeML3Wby4SxiKMLStU19aTxFXGUhtY3GYaadF11ZQCr9AX2ZsWR785qjUl
Toyota_1KD,Toyota,1KD,Half Cut,,,3,TOYOTA HILUX 1KD COMPLETE HALF CUT,https://www.facebook.com/jdmmiamimotors/posts/pfbid02GDUScqpC3T1GujKN9yXr6DtPDk5pJEXe14fevYkDJuQ7hmKyCrJsU6FvndbkYuL2l
Toyota_3SZ_1.5L,Toyota,3SZ,Engine,Petrol,1.5L,4,TOYOTA 3SZ 1.5 L V4 GASOLINE ENGINE,https://www.facebook.com/jdmmiamimotors/posts/pfbid02D7PNNeFqAQ9iKLDSsbweKBwvB9FyBLxxAfYv3m6Zd3DDrEVGhpybCCExBpUPqrGDl
Hyundai_H1,Hyundai,H1,Half Cut,,,4,COMPLETE HALF CUT HYUNDAI- H1,https://www.facebook.com/jdmmiamimotors/posts/pfbid02SM2N7CHgftd9eFohUsmCYKVcSfkQSowjD1chvo1dkUf5bQfo53r5ytV1N7Yq4qHVl
Toyota_7A,Toyota,7A,Half Cut,,,3,"TOYOTA COROLLA 7A HALF CUT - (CABIN, ENGINE& TRANSMISSION, COMPLETE SET OF DOORS,FRONT AND REAR DIFFERENTIALS, COMPLETE SET OF SUSPENSIONS.)",https://www.facebook.com/jdmmiamimotors/posts/pfbid021UFRskV5ywHn6NdyV37CMRLi1UVJNsURRhDN2yWqozKsvvNiBhFRjq4FQj287ZFjl
Kia_6L_2.6L,Kia,6L,Engine,Petrol,2.6L,4,KIA FE 2.6L GASOLINE ENGINE,https://www.facebook.com/jdmmiamimotors/posts/pfbid02B7qpoTPNnZda7fYkYDyBi13H5B6pFqEkdc2tykhP7MBDFVP4nyx7kmQowRCCH3Qel
Hyundai_G4GC_2.0L,Hyundai,G4GC,Engine,Petrol,2.0L,4,HYUNDAI  G4GC  2.0L GASOLINE ENGINE,https://www.facebook.com/jdmmiamimotors/posts/pfbid0oQydn4v9ddHc7LDD87wqZufyrVseJRD7vysP168ddsNgm22Gvi7acwfxrHGAdmurl
Hyundai_HalfCut,Hyundai,,Half Cut,,,4,HYUNDAI TUCSON HALF CUT AND COMPLETE CAR,https://www.facebook.com/jdmmiamimotors/posts/pfbid06RFknpU51JhLBDcJKhajcU6yjKVJEhTaQy4irvRSQzCtECfiXK6gDvPVfbmo9h19l
Toyota_3L_2.8L__2,Toyota,3L,Engine,Diesel,2.8L,4,TOYOTA 3L 2.8 L DIESEL ENGINE,https://www.facebook.com/jdmmiamimotors/posts/pfbid0CfivKUS4GSUQ8ykPE2i1vhiT6CbFX4zH9n6rrY2jd1GSod4oSKZuzVJoE1GCUm8gl
Nissan_NA20_2.0L,Nissan,NA20,Engine,Petrol,2.0L,4,NISSAN NA20 2.0L GASOLINE ENGINE,https://www.facebook.com/jdmmiamimotors/posts/pfbid02tTYtH2bK917ehWdJESY9JmwSYbZUV29ESZS5YxjQhcmXYxm5UVPQDJ9scrbcthX9l
Mazda_WL_2.5L__4,Mazda,WL,Engine,Diesel,2.5L,5,MAZDA WL 2.5L V4 DIESEL ENGINE AVAILABLE 🎉,https://www.facebook.com/jdmmiamimotors/posts/pfbid02cY51HGZ4r5WsDjnpt9qcgnxk8zxjpq2K6eTmg5fJHuQRsEoDkxb1TwaBhiZTZbMHl
Hino_JO8C,Hino,JO8C,Half Cut,,,3,HINO –JO8C- COMPLETE HALF CUT & TRUCK,https://www.facebook.com/jdmmiamimotors/posts/pfbid02Kt78NfvVRCYZS65vWivD61kMgE23bctuxC4doFii1HTdTzupjwL4p54PsqiakAXAl
4P10,,4P10,Gearbox,,,4,GEAR BOX 4P10,https://www.facebook.com/jdmmiamimotors/posts/pfbid02za3dRepeniTnUQHZ3pSRkRDVdJTBhrU1Ehe7sRj96fBnPHWGRPE3GtLNS9gvatJyl
Isuzu_4JB1_2.8L__2,Isuzu,4JB1,Engine,Diesel,2.8L,4,ISUZU 4JB1 2.8L V4 TURBO CHARGED DIESEL ENGINE,https://www.facebook.com/jdmmiamimotors/posts/pfbid02UvrtkVRaEXDo8iax53BsmBik9brKt1xqTKjingB13rQttY7bz6jptLDeZrzhHVo7l
Toyota_1KZ_3.0L__3,Toyota,1KZ,Engine,Diesel,3.0L,5,TOYOTA 1KZ 3.0L V4 DIESEL ENGINE,https://www.facebook.com/jdmmiamimotors/posts/pfbid0GshU4zsUQNt4FQGgWxWwrSpgaiBhW9JzAjV9NsdPw4bG4JhsUUkGYXAgbAyeng4Ll
Hyundai_G4NB_1.8L,Hyundai,G4NB,Engine,Petrol,1.8L,4,HYUNDAI G4NB 1.8 L GASOLINE ENGINE,https://www.facebook.com/jdmmiamimotors/posts/pfbid0nP2C43Cynzqw2DnRy82SiqNfUrWFLpeaeEPiarfeB6zrdCVufk96Lhy4Yf7eEB3fl
Toyota_5L_3.0L__2,Toyota,5L,Engine,Diesel,3.0L,4,TOYOTA 5L 3.0L V4 DIESEL ENGINE,https://www.facebook.com/jdmmiamimotors/posts/pfbid023mNpx39TWDqDYPdWw8Fm7hysywTqgTMDkEvzvsqzp3Ncdt3gGwbMkTdV6qfPY7Hhl
Toyota_1NZ_1.5L__2,Toyota,1NZ,Engine,Petrol,1.5L,5,"Toyota 1NZ(1.5L) & 2NZ(1.3L), V4 GASOLINE ENGINE",https://www.facebook.com/jdmmiamimotors/posts/pfbid02w4G37UVCT7tBXvxZM7s1QUn67GxH1qa3sqsh9NvBUnnPFwsvSMNkp7D6YjSi88Kyl
Toyota_2RZ_2.4L,Toyota,2RZ,Engine,Petrol,2.4L,5,TOYOTA 2RZ 2.4L GASOLINE ENGINE,https://www.facebook.com/jdmmiamimotors/posts/pfbid02bSqVCgvTUsN1Butepm8V38Gt3nVyLVnMHEddSkqNhpBSysCZfL62ZcpexyoGj1Ttl
Nissan_VQ40,Nissan,VQ40,Half Cut,,,3,HALF CUT NISSAN PATHFINDER VQ40,https://www.facebook.com/jdmmiamimotors/posts/pfbid0H4wtVscG2QgpvBeG2XphySmdF9eJD9ZuHN7SaiDrkjg2DHgsb237tCmfRU95D9r6l
Toyota_3L_2.8L__3,Toyota,3L,Engine,Diesel,2.8L,3,"Toyota-3L, 2.8 L V4 Diesel Engine",https://www.facebook.com/jdmmiamimotors/posts/pfbid0xYKTfdksH75PB7QFwbNz375kgRayN1ZhkGBWDpHumH7NzS5hCTmCdUnaiYAWTsnnl
Toyota_3L,Toyota,3L,Half Cut,,,4,HALF CUT TOYOTA HILUX 3L,https://www.facebook.com/jdmmiamimotors/posts/pfbid0QEAVMekVXU3tjqNWY1iSMqPTr6isXGPGWYkbAHUWdsqLHp7nWqwNkJ1nijkJktFYl
Ford_F6JA_1.4L,Ford,F6JA,Engine,Diesel,1.4L,4,FORD F6JA 1.4L V4 TURBO CHARGED DIESEL ENGINE,https://www.facebook.com/jdmmiamimotors/posts/pfbid023MtyeTsuuSGoVSJk2nx85SxbAbmq3rdPb1skhh8nwzKqPTgcatSvYgBZfua4rxw9l
Mitsubishi_6M60,Mitsubishi,6M60,Half Cut,,,5,COMPLETE TRUCK / HALF CUT MITSUBISHI FUSSO (6M60),https://www.facebook.com/jdmmiamimotors/posts/pfbid02GuSnAFgofcZiEsSHPuWki1VDUJAvYozRZJqA7wyBbh2UUbZE9QkuvGMvSTfhheQBl
Hyundai_D4CB-TURBO_2.5L,Hyundai,D4CB-TURBO,Engine,Diesel,2.5L,3,HYUNDAI –D4CB-TURBO 2.5L V4 DIESEL ENGINE,https://www.facebook.com/jdmmiamimotors/posts/pfbid0vetc6ZWh3x6rvWG4XAr6UXuquZjzpWmQpCLU8eBvkyzRV1UsafVqYt2SS57MUponl
Nissan_YD25_2.5L__2,Nissan,YD25,Engine,Diesel,2.5L,4,NISSAN YD25 2.5L V4 TURBO CHARGED DIESEL ENGINE,https://www.facebook.com/jdmmiamimotors/posts/pfbid0ZPueESZ9m1ZswvPzXbyNXNhaa8WJid4YPV6PvR9f7NSn4KG4TKGVnspFGtY7xCr6l
Nissan_YD25,Nissan,YD25,Half Cut,,,4,HALF CUT NISSAN NAVARA YD25 D40,https://www.facebook.com/jdmmiamimotors/posts/pfbid02ZLXCThcsi1MuAEq1HgcAEdFD1cHiuWjp3vzbrWvvGfactBTs5QYtKZJZsmWW6W78l
Hyundai_D4CB,Hyundai,D4CB,Half Cut,,,3,HALF CUT HYUNDAI – H 1 (D4CB),https://www.facebook.com/jdmmiamimotors/posts/pfbid0rJPy3zZkfBneNY473Sqq3rMwaybBVV6HZraFUB9n1boTFNugCMP8EiYa8K5pHxMvl
MR20_2.0L,,MR20,Engine,Petrol,2.0L,3,NISAN MR20 2.0L V4 GASOLINE ENGINE AVAILABLE,https://www.facebook.com/jdmmiamimotors/posts/pfbid02fyAE8jSDGQa7sunWdhQ2PQKfz2B2Lnwd21p9TnXMMWhSzP6qPnbdorWw47GT8wS8l
Hyundai_D4AE-TURBO_3.3L,Hyundai,D4AE-TURBO,Engine,Diesel,3.3L,3,HYUNDAI –D4AE-TURBO 3.3 L V4 DIESEL ENGINE,https://www.facebook.com/jdmmiamimotors/posts/pfbid0fx4vLh9XaBkjEBnp9feLHA3qGpfyYi3XHqDMHNDKTDJUdEDe6XpxpXCTARMTVVX1l
Nissan_ZD30_3.0L__2,Nissan,ZD30,Engine,Diesel,3.0L,4,NISSAN ZD30(3.0L) TURBO & NON TURBO V4 DIESEL ENGINE,https://www.facebook.com/jdmmiamimotors/posts/pfbid02swQdBreR4xsABsNw9UUUyX8N62joQLnhCAQBetfAsjEECag7PVt2ecLUpEMVAutQl
8L_2.8L,,8L,Engine,Petrol,2.8L,3,MERCEDES BENZ/ SSANG YONG MUSSO (662920) 2.8L  GASOLINE ENGINE,https://www.facebook.com/jdmmiamimotors/posts/pfbid02pN8LdCAB2NUT1FWZTy5dPM2knsUePkTKZ3c13BMoHEpTbBFKzdhAeS8vpiUBRHadl
Isuzu_4JA1-T_2.5L,Isuzu,4JA1-T,Engine,Diesel,2.5L,3,ISUZU  4JA1-T 2.5L V4 DIESEL ENGINE,https://www.facebook.com/jdmmiamimotors/posts/pfbid0u9XFrRizMTjimnEzsQ2dHiov7AjknJnLAmkfwSDChU9q7JqpJfmWEjDhr3sgJPi9l
Toyota_3B_3.4L,Toyota,3B,Engine,Diesel,3.4L,4,TOYOTA 3B 3.4L V4 DIESEL ENGINE -,https://www.facebook.com/jdmmiamimotors/posts/pfbid0MLCWbwy7h9SC7nHZV1KhodSnm28UoRPBS65KcBive6MXdGzjEAzAiPBodrARL8ucl
Mazda_WE_3.0L__2,Mazda,WE,Engine,Diesel,3.0L,5,MAZDA WE 3.0L V4 DIESEL ENGINE AVAILABLE,https://www.facebook.com/jdmmiamimotors/posts/pfbid02jTXT33KVhK21WFg9GSszh16M4i4yemNcMyAZ6Hgtmft1AEksApTTGsvakQwN7MeEl
Toyota_HalfCut,Toyota,,Half Cut,,,4,"TOYOTA LANDCRUISER COMPLETE CAR, HALFCUTS & USED ENGINES",https://www.facebook.com/jdmmiamimotors/posts/pfbid02KnKR5vvSDNAdBVfuPyB8jr22xkniDPtptrhy35HKW4qyC12G6eMd5RSzgn1aTUXql
Toyota_13B_3.4L,Toyota,13B,Engine,Diesel,3.4L,3,TOYOTA 13B 3.4L DIESEL ENGINE,https://www.facebook.com/jdmmiamimotors/posts/pfbid02ZgWNx2NjSQWvGxByqUbS9YDW4M9ru32NAoN5MfKNzdjhKypSQhSZEqY3BMeqW1Pzl
Mazda_0L_3.0L,Mazda,0L,Engine,Diesel,3.0L,4,MAZDA HA 3.0L DIESEL ENGINE,https://www.facebook.com/jdmmiamimotors/posts/pfbid0NysEWFUb7B1VMxjYHzFGznT4votK3LwYCaNZ4vWBjDWgFeeXgvhkhx3fnXsyMdnfl
Nissan_KA20_2.0L,Nissan,KA20,Engine,Petrol,2.0L,4,NISSAN KA20 (2.0L) KA24 (2.4L) V4 GASOLINE ENGINE,https://www.facebook.com/jdmmiamimotors/posts/pfbid02cR5bM4cPbFr4zscrgYouRgegWLZz2TULbiUs69SDkL1i7MPhSwN36ye2mrGdJxSTl
Mitsubishi_4DR7_2.8L,Mitsubishi,4DR7,Engine,Diesel,2.8L,5,MITSUBISHI 4DR7 2.8 L V4 DIESEL ENGINE,https://www.facebook.com/jdmmiamimotors/posts/pfbid0NqnXcVGNFJ8ZvrLjeZxh7eXstBQCqkTN81W1bs1Ptct6FaLBKiWDcN22CyMTWi8Kl
Ford_P5AT_3.2L__2,Ford,P5AT,Engine,Diesel,3.2L,5,FORD RANGER P5AT 3.2L DIESEL ENGINE,https://www.facebook.com/jdmmiamimotors/posts/pfbid08XgMUmtKsQUX3oyqxtB8tyFXpia8AVHdJhtm8pyfLFo7vPUXGhkiWRxFUxpX7vcGl
Toyota_1G_2.0L,Toyota,1G,Engine,Petrol,2.0L,4,TOYOTA/LEXUS  1G 2.0L GASOLINE ENGINE AVAILABLE,https://www.facebook.com/jdmmiamimotors/posts/pfbid02tAQPjyTbYgFJrU1CjA5eSAny2bPoR282CSSR7DM6Zs11xCFxsCLNayAas19fJFoYl
Nissan_YD22_2.2L,Nissan,YD22,Engine,Diesel,2.2L,3,NISSAN YD22  2.2L  DIESEL ENGINE,https://www.facebook.com/jdmmiamimotors/posts/pfbid0Ft9MLC8F9qk2EqsjRRzx2MGTasnfqMABtiNy7cA1suxs92HoDjd9EBsPBHAm4H8Ll
Toyota_5VZ_3.4L,Toyota,5VZ,Engine,,3.4L,5,TOYOTA 5VZ 3.4L GASOLILNE ENGINE .,https://www.facebook.com/jdmmiamimotors/posts/pfbid0aBLe3WtJ7sJmBSc54pdLdx4z5pNENgsFVEcctuBZCnnF4dvBC5xkwTjyWfVEEzJ9l
Mazda_RF6_2.0L__2,Mazda,RF6,Engine,Diesel,2.0L,4,MAZDA RF6 2.0L COMMON RAIL  DIESEL ENGINE AVAILABLE,https://www.facebook.com/jdmmiamimotors/posts/pfbid01Lw6hPpMDJFwiPAJbZhSptjD4835ZREQSEGYnauQ9K35PEkycttdmC3NVAGjU2Q2l
Nissan_FD35_3.5L,Nissan,FD35,Engine,Diesel,3.5L,5,Nissan FD35 (3.5L) InLine-4 Non-Turbo and Turbo Charged Diesel Engine.,https://www.facebook.com/jdmmiamimotors/posts/pfbid031GZcSqq3DK22HY49boob5BWe9swTm7734sLvncFpcKBFr8yDW4xjoND6W5wHyJtVl
Isuzu_4HF1,Isuzu,4HF1,Engine,Diesel,,4,ISUZU NPR- 4HF1- 4.33L DIESEL ENGINE,https://www.facebook.com/jdmmiamimotors/posts/pfbid02edBbNnv2ZxsEP9GRgqGLyXfYChThXfgjiYVABRwy6rKfsp34WpR4Hqj4pTfvbJYZl
Toyota_SO5D_4.8L,Toyota,SO5D,Engine,Diesel,4.8L,4,TOYOTA SO5D 4.8L V4 DIESEL ENGINE,https://www.facebook.com/jdmmiamimotors/posts/pfbid02n93L9e4Zh8B5mP1BrJwhVKjjXyx9AQwUA73KPzKzrZ6q8L61bPdsRgKsfjY2NdgZl
Suzuki_M16A_1.6L__3,Suzuki,M16A,Engine,Petrol,1.6L,5,SUZUKI M16A 1.6 L GASOLINE ENGINE AVAILABLE,https://www.facebook.com/jdmmiamimotors/posts/pfbid0VAjPqTB7a3mAPq3e3dPUhJSxB5XDZT2J4zvu9aqNL9eDzQmgsvPNpVRxzJAaGRfxl
Mazda_R2_2.2L,Mazda,R2,Engine,Diesel,2.2L,4,MAZDA R2 2.2L V4 DIESEL ENGINE,https://www.facebook.com/jdmmiamimotors/posts/pfbid0wdgMiiLPxuVA4WGk5rZuGTEpHCRXao23TFCxikqe4hg8AMr5u3yspTqGRusniWQzl
Nissan_HR16_1.6L,Nissan,HR16,Engine,Petrol,1.6L,4,NISSAN HR16 1.6L V4 GASOLINE ENGINE,https://www.facebook.com/jdmmiamimotors/posts/pfbid0vDLP5uGKyLryxcEh9dRT9AX3jZv5C2Tj5Mt4cwR4bqNeyG4QLJQddnNunp9VUi3tl
Toyota_22R_2.4L__2,Toyota,22R,Engine,Petrol,2.4L,5,TOYOTA 22R 2.4L V4 GASOLINE ENGINE,https://www.facebook.com/jdmmiamimotors/posts/pfbid02QG25xe3Q33xchfSqP7jyqqPTUNcDmtoMkADduq9osEmYSQWXozYKR9LR14Ls5M64l
HalfCut,,,Half Cut,,,4,“MERCEDES BENZ TRUCK HALF CUTS AND AUTO SPARE PARTS “,https://www.facebook.com/jdmmiamimotors/posts/pfbid02VsuKgdoz8h96yxQtFTnZH4EBEgac6DCRe61WHLMaEB2u4PAAxjTgEUyu924nTKLVl
Hyundai_G4KG_2.4L__2,Hyundai,G4KG,Engine,Petrol,2.4L,3,HYUNDAI G4KG 2.4L GASOLINE ENGINE,https://www.facebook.com/jdmmiamimotors/posts/pfbid038592X5gmQsUYsYynTUYupj6ZsmcALXLa1bYvDd2z1NWzhrvqs1NLo6sBK8RUCuTSl
Nissan_YS23_2.3L,Nissan,YS23,Engine,Diesel,2.3L,4,NISSAN YS23 2.3 L DIESEL ENGINE,https://www.facebook.com/jdmmiamimotors/posts/pfbid0V541vuvqHvQCmhat1WBUdwjWTScs76wZvWEZ7xfFeRbb21f2ZQiviM2iwLJxEmeFl
Hino_NO4C_4.0L,Hino,NO4C,Engine,Diesel,4.0L,4,HINO NO4C 4.0L V4 TURBO AND NON TURBO DIESEL ENGINE,https://www.facebook.com/jdmmiamimotors/posts/pfbid07B3jrrUbSmrjr8W9x9sWvzXw2cHAYcRNustwQM4SCZCzurmYrNRgJkCQ6hGN6bVal
Hyundai_G4EE_1.4L,Hyundai,G4EE,Engine,Petrol,1.4L,4,HYUNDAI G4EE 1.4L GASOLINE ENGINE,https://www.facebook.com/jdmmiamimotors/posts/pfbid02j1rwWebZNGw3ix6AHX8uejidGuK7hZLKsD5XHSjxaaeQYodyFHfhYFveFP2cFHAHl
Mitsubishi_4G64_2.4L,Mitsubishi,4G64,Engine,Petrol,2.4L,5,MITSUBISHI 4G64 2.4L V4 GASOLINE ENGINE,https://www.facebook.com/jdmmiamimotors/posts/pfbid02JZDqSkx41McrKmyVQqn5Pwr1ro8XSsvSht8uqUugCY5Pg39dAzpLtN4wEXSD2NKDl
Mitsubishi_6G72_3.0L__2,Mitsubishi,6G72,Engine,Petrol,3.0L,4,MITSUBISHI  6G72 3.0L V6 GASOLINE ENGINE,https://www.facebook.com/jdmmiamimotors/posts/pfbid0GyVCnyWdSrmmJMwmg1sFe8GG1mWJXZKyx18crvgsE7qiX9U2DPbDhGbmcQDgQE8Xl
Mitsubishi_4M40_2.8L__2,Mitsubishi,4M40,Engine,Diesel,2.8L,5,MITSUBISHI 4M40 (2.8L ) In-line 4 Cylinder turbo charged diesel engine.,https://www.facebook.com/jdmmiamimotors/posts/pfbid02oitP65o2TD3PtFFZthBBeUM1YzGgom499ok3HN9TzCE4c2P5LWLey1MaJrVFyskCl
Isuzu_C22NE_2.2L,Isuzu,C22NE,Engine,Petrol,2.2L,4,ISUZU C22NE 2.2L V4 GASOLINE ENGINE,https://www.facebook.com/jdmmiamimotors/posts/pfbid0gq4z7LcH7z89CuV1D56cCF6hYKYr5wi3NzBvqzBVD5km2eyF8JtbQpAuQpx6QSqFl
Toyota_3L_2.8L__4,Toyota,3L,Engine,Diesel,2.8L,4,"Toyota-3L, 2.8 L V4 Diesel Engine",https://www.facebook.com/jdmmiamimotors/posts/pfbid02krLkK1pigvGgDtZmURaxFKxDgoz5MJ3HtxunUbZBHSSYJ7ZbXF52Qae8yE5gtWg1l
Toyota_0L_3.0L,Toyota,0L,Engine,Diesel,3.0L,5,TOYOTA 1 KZ-TURBO 3.0L V4 DIESEL ENGINE,https://www.facebook.com/jdmmiamimotors/posts/pfbid029r1tbDYdNSh3ZUkRQKWZMcKgmy72W9YCALgpRQ7C2EXZrjnYrgANaqUVu2D7M1del
Mitsubishi_4D56-TURBO_2.5L__2,Mitsubishi,4D56-TURBO,Engine,Diesel,2.5L,4,MITSUBISHI 4D56-TURBO 2.5L V4 DIESEL ENGINE.,https://www.facebook.com/jdmmiamimotors/posts/pfbid0BEWGd3Knr5jVxWNW5qqiNcDHRWRn79ZSG5FCN4w3z2SZJkPqUFgqYN2kmC2gZbGyl
Toyota_1KD_3.0L__3,Toyota,1KD,Engine,Diesel,3.0L,5,TOYOTA 1KD 3.0L V4 DIESEL ENGINE.,https://www.facebook.com/jdmmiamimotors/posts/pfbid0QMot9qaiWkyvpsU7uKnkjrexVT93GpC4xbgbTJmz6SyhpFnBxgB2hksAFh3tSrgxl
Nissan_YD25-D22_2.5L,Nissan,YD25-D22,Engine,Diesel,2.5L,4,NISSAN YD25-D22   2.5L V4 TURBO CHARGED DIESEL ENGINE,https://www.facebook.com/jdmmiamimotors/posts/pfbid032JdQzJw5pQSmuNNiRKyoqJ1RwJSKePyzT5m51SGWaTiHfsn19sEpGcWS8uinFVppl
Nissan_YD25_2.5L__3,Nissan,YD25,Engine,Diesel,2.5L,4,NISSAN YD25 2.5L V4 TURBO CHARGED DIESEL ENGINE,https://www.facebook.com/jdmmiamimotors/posts/pfbid02W3J3Aq5W8ftTwD47AU8D1Hn8vMSAELn5dLDwWf1rGH3Vgw6i9gSYgnCyhKwQ6syXl
Mazda_2.5L,Mazda,,Engine,Diesel,2.5L,5,MAZDA WL-T  – 2.5 L V4 DIESEL ENGINE-,https://www.facebook.com/jdmmiamimotors/posts/pfbid02t633s6uiFaaHWbWpCkhMeJEXdvybtGLV1BdgDB8ZSJTZoY8JRddr11qwG3nnHDYYl
Toyota_HalfCut__2,Toyota,,Half Cut,,,3,TOYOTA LANDCRUISER COMPLETE CAR & HALF CUTS,https://www.facebook.com/jdmmiamimotors/posts/pfbid0QsQRTXUYGAV8B9FkYbn56LjvekZyPjVJ2fYAQuC86gdRfvKYP35Yq6bg6R45sfstl
Hyundai_D4BB_2.5L__2,Hyundai,D4BB,Engine,Diesel,2.5L,3,HYUNDAI – D4BB 2.5L  V4 TURBO AND NON-TURBO DIESEL ENGINE,https://www.facebook.com/jdmmiamimotors/posts/pfbid028oUukSny6rcCioMbrTPkjMmtXCNb8W2SbZHSTiDUepGnb3amg7Nzd23uF6yDntil
Nissan_GA16_1.6L__2,Nissan,GA16,Engine,Petrol,1.6L,4,NISSAN GA16 1.6 L GASOLINE ENGINE,https://www.facebook.com/jdmmiamimotors/posts/pfbid0qDpUhs6thtVvB1PNvgZL9ZA8CLqvRCEsuCudVWZUMYczA9wdvSf82CQdgFCKwdJCl
Toyota_2KD_2.5L__2,Toyota,2KD,Engine,Diesel,2.5L,4,TOYOTA 2KD ( 2.5L ) V4 DIESEL ENGINE.,https://www.facebook.com/jdmmiamimotors/posts/pfbid029xEwQmZnHZx5AkkVU4etS6naKmcBdBQRo1JyS1XJmQYrfmd21Dty2sy5rnJhextVl
Toyota_1VD_4.5L,Toyota,1VD,Engine,Diesel,4.5L,4,"Toyota-1VD SingleTurbo V8 Diesel Engine, 4.5L",https://www.facebook.com/jdmmiamimotors/posts/pfbid02J35bnpeFn3VaZSWhvjJfQxeaUWnd581xtjgy5EpB2ieBWDpkKtkdBrcpwTHYLctLl
Toyota_5L_3.0L__3,Toyota,5L,Engine,Diesel,3.0L,5,TOYOTA 5L 3.0L V4 DIESEL ENGINE,https://www.facebook.com/jdmmiamimotors/posts/pfbid033JjCe8TBi8r3ep8ZG9CoRDc4DADwvePSwpJ3aVLTbRJWXmYmu3BCeEpVgeXWFEXol
Hyundai_G4KJ_2.4L,Hyundai,G4KJ,Engine,Petrol,2.4L,5,HYUNDAI G4KJ 2.4L 4 CYLINDER GASOLINE ENGINE,https://www.facebook.com/jdmmiamimotors/posts/pfbid0ydfHhBW9jJfx3dXVQNEqxA6gtc8nHbMhdgr2QdYq5n8niudB95Tim2eVPCQbHorFl
Ford_P5AT_3.5L,Ford,P5AT,Engine,,3.5L,3,FORD RANGER P5AT 3.5L ENGINE,https://www.facebook.com/jdmmiamimotors/posts/pfbid0hC9UzTGnJFR9wL9s7nqUhE5VmkYPamjAQPUkGatQuRSvK7etoijn35xudrECqYtEl
Nissan_TD27-TURBO_2.7L__3,Nissan,TD27-TURBO,Engine,Diesel,2.7L,4,NISSAN TD27-TURBO 2.7L  MANUAL PUMP V4 DIESEL ENGINE.,https://www.facebook.com/jdmmiamimotors/posts/pfbid0Uu1FH2rU3YbGKYXdnMU3gzqwnWcaD54BGq9eZLqURfM1zYw74DAySfxY2ycdykXCl
Mitsubishi_4D34-4D33,Mitsubishi,4D34-4D33,Engine,Diesel,,5,MITSUBISHI 4D34-4D33-4D32 DIESEL ENGINE,https://www.facebook.com/jdmmiamimotors/posts/pfbid02pKHg7AB8j6UibDcHEChverzUcjmn6UYoKEihza3vSyi8piyh8rq6qcgo5DYwqzYBl
Nissan_YD25_2.5L__4,Nissan,YD25,Engine,Diesel,2.5L,5,NISSAN YD25 2.5L V4 TURBO CHARGED DIESEL ENGINE,https://www.facebook.com/jdmmiamimotors/posts/pfbid0s3KH4QY5fin4P38uVfE5T8UohtQhhES29FKWK9kFUhuCCzVv4WKxGgSw2yb8QRknl
UNSORTED,,,Engine,,,5,LOADING 🚛🚛⚡,https://www.facebook.com/jdmmiamimotors/posts/pfbid02U8tB9w3MYvsUkRutkQo2GLZ6f6JJZ2Q6TX38E6eWFBTwfge32q2rPYVfe1nx6M62l
Toyota_1KD_3.0L__4,Toyota,1KD,Engine,Diesel,3.0L,5,TOYOTA 1KD 3.0L V4 DIESEL ENGINE.,https://www.facebook.com/jdmmiamimotors/posts/pfbid0Embr6R5SVDDaLu9KNByxu5toYYTJQj6f3gzFQHrLR4GVRB4fUHiQqzJUnEzHCz7Ll
Nissan_TD27_2.7L__2,Nissan,TD27,Engine,Diesel,2.7L,5,NISSAN TD27- 2.7L EFI & MANUAL PUMP V4 DIESEL ENGINE.,https://www.facebook.com/jdmmiamimotors/posts/pfbid02JrNKyp5mbmqeKo7vEY2VYJfG4MRQSfyRQHMJAd85VAcx1wU1qcEGauodrQjHFf2Vl
Toyota_5L_3.0L__4,Toyota,5L,Engine,Diesel,3.0L,5,TOYOTA 5L 3.0L V4 DIESEL ENGINE,https://www.facebook.com/jdmmiamimotors/posts/pfbid0J1mefcV84xwUgKZHt7gMFtVG9vkSxWpZTTVi7MNmEmV5r1S6QkXZtS19pGt4xNTxl
UNSORTED__2,,,Engine,,,5,LOADING 🚛🚛⚡,https://www.facebook.com/jdmmiamimotors/posts/pfbid0FVYCXUXzpciaZiMtmn5QnV5icimGA8WCrzfwasP1jJgsA3Soxo9Rtfd97R8B9b91l
Isuzu_HalfCut,Isuzu,,Half Cut,,,5,“ISUZU TRUCK HALF CUTS AND AUTO SPARE PARTS “,https://www.facebook.com/jdmmiamimotors/posts/pfbid0qhLhAwJ6eyPLnZ9FD3dPtGB6z7h1fYxyeGvfhY14vCDdFg8TsTj9qxv4iruunvp4l
UNSORTED__3,,,Engine,,,5,CARGANDO 🚛🚛⚡,https://www.facebook.com/jdmmiamimotors/posts/pfbid02W7Z56jWiLd77k1rdCE8zWSGN2psCPaHhjvkwL1mvNzfvNs7KCVkiDPDWCd4EoYR7l
Isuzu_4HF1__2,Isuzu,4HF1,Engine,Diesel,,4,ISUZU NPR- 4HF1- 4.33L DIESEL ENGINE,https://www.facebook.com/jdmmiamimotors/posts/pfbid02MiNHqsHCisFEUjr7DZTWW5UCE2KXugXgBxrEYGfZhrnW4bqPUuCyutDsDCXRPsCyl
Hyundai_D4ED_2.2L__2,Hyundai,D4ED,Engine,Diesel,2.2L,4,HYUNDAI D4ED 2.2 L DIESEL ENGINE.,https://www.facebook.com/jdmmiamimotors/posts/pfbid07vjSRA1YdYeGTrxd1WY12S6KrPK3CF21a9insiCRxWUva1buV85bUsLe5pyu6Jryl
Hino_WO4C_3.8L,Hino,WO4C,Engine,Diesel,3.8L,3,HINO WO4C 3.8L DIESEL ENGINE,https://www.facebook.com/jdmmiamimotors/posts/pfbid02nFbQZ2z9ETVVtnhW5z4tpyS3uW3jiw7d1GPaQne59Lp6p36V1j4fHkpyhBbnvw9Wl
Nissan_ZD30_3.0L__3,Nissan,ZD30,Engine,Diesel,3.0L,4,NISSAN ZD30(3.0L) TURBO & NON TURBO V4 DIESEL ENGINE,https://www.facebook.com/jdmmiamimotors/posts/pfbid02DmwLWBgGsnBFREJjFi7T67VX3CesurYCgZTZggYrC8Q9VFpHwpdY5T7T6T6mREr7l
Isuzu_4JG2_3.1L,Isuzu,4JG2,Engine,Diesel,3.1L,5,ISUZU 4JG2  3.1L  V4 TURBO INTER COOLER DIESEL ENGINE,https://www.facebook.com/jdmmiamimotors/posts/pfbid0m5EEx9nHfdARJtU48SeiGZRFQdoXKvr4tt8t3prSa417CE9Bx5HFLyWtY1x7ne1fl
Isuzu_4JH1_3.0L,Isuzu,4JH1,Engine,Diesel,3.0L,4,ISUZU 4JH1  3.0L  V4 DIESEL ENGINE,https://www.facebook.com/jdmmiamimotors/posts/pfbid02HC9tJ2XDsLHcPLAqYzfhqbTiiCcVGPYok2K5foMU9G27PU4d3DYar1v5owLLKzhYl
Mazda_0L_3.0L__2,Mazda,0L,Engine,Diesel,3.0L,3,MAZDA HA 3.0L DIESEL ENGINE,https://www.facebook.com/jdmmiamimotors/posts/pfbid031wLFLnm2nQG8gcH58fyukBvM6iRh4mSwJ82VNU74fVACLWY1GAYS2Atzc771fyunl
Toyota_HalfCut__3,Toyota,,Half Cut,,,5,TOYOTA LAND CRUISER COMPLETE HALFCUT,https://www.facebook.com/jdmmiamimotors/posts/pfbid068SGQNbgCSDnGWtXsz3uFWmhu6EP4PB1nX1MyGhj8SfmatxxycUfe4YN4N5t2xSml
Kia_J2_2.7L__2,Kia,J2,Engine,Diesel,2.7L,5,KIA J2(2.7L) KIA JT(3.0L) V4 DIESEL ENGINE,https://www.facebook.com/jdmmiamimotors/posts/pfbid0d2MbTkHktRJohBUDRFCEPdbo4jpUvFdr5nkkoi4LZicuaLbUb8KeLUVJccgdkeXFl
Toyota_1KD_3.0L__5,Toyota,1KD,Engine,Diesel,3.0L,3,TOYOTA 1KD 3.0L V4 DIESEL ENGINE.,https://www.facebook.com/jdmmiamimotors/posts/pfbid0cSZ4AzM3GrEGxDKuJG3Qwnz2Nrz9Be6iawuhdTLmsqTTr61xgLPmtNmYC9rLtQ1l
Nissan_VQ40_4.0L,Nissan,VQ40,Engine,Petrol,4.0L,4,NISSAN VQ40 4.0 L V6 GASOLINE ENGINE,https://www.facebook.com/jdmmiamimotors/posts/pfbid0qsc79zEuvHsE4tL6RFTHZhnTmgGShfZySCTTMiWfiaNBHbhJVpzMpqZfYFXz1SSWl
8L_2.8L__2,,8L,Engine,Petrol,2.8L,5,MERCEDES BENZ/ SSANG YONG MUSSO (662920) 2.8L  GASOLINE ENGINE .,https://www.facebook.com/jdmmiamimotors/posts/pfbid0ovFCNPBkS61ax2YNfipcS5kP1NaP22G4HJQi1YPUVjWVbH3WyoUWceh2YtpjDEUDl
Hyundai_G3LA_1.0L__2,Hyundai,G3LA,Engine,Petrol,1.0L,3,HYUNDAI G3LA 1.0 L GASOLINE ENGINE,https://www.facebook.com/jdmmiamimotors/posts/pfbid0XLS21VEcHQbzm2kHKkJ95VjnrLPTyx5CsyJcuE4AhJ9C3izHXfGsqsDJ6KqGT2xnl
Mazda_WL,Mazda,WL,Half Cut,,,4,HALF CUT MAZDA WL,https://www.facebook.com/jdmmiamimotors/posts/pfbid0CcStqPnpQvYUk5tzH532tEAMGkNuus6ZVC1cmuxk7NqgPTcDXKFFC2biaDmXeMjXl
Toyota_4A_1.6L,Toyota,4A,Engine,Petrol,1.6L,4,TOYOTA 4A 1.6L V4 GASOLINE ENGINE,https://www.facebook.com/jdmmiamimotors/posts/pfbid028ytVtC85FNweikgG2hfiSsDhXmiAgGEn9TNNZzk8gujXdaaNiToQEFniZtCUmADTl
Toyota_1NR_1.3L,Toyota,1NR,Engine,Petrol,1.3L,4,TOYOTA 1NR 1.3L GASOLINE ENGINE,https://www.facebook.com/jdmmiamimotors/posts/pfbid028c3gktpFQsESB2e2fAGEyV9VfHAmkKip9xPdU1HchNKGnq4itHinsXV6GHMtr3SQl
Nissan_YD25_2.5L__5,Nissan,YD25,Engine,Diesel,2.5L,5,NISSAN YD25 2.5L V4 TURBO CHARGED DIESEL ENGINE,https://www.facebook.com/jdmmiamimotors/posts/pfbid0bvgmHbH9eZnjugK9N3KPEAWUBmEVojZPpZLKMfUc8n9arf7HtDF4VYyc8fSADbvol
Mitsubishi_4P10_3.0L__2,Mitsubishi,4P10,Engine,Diesel,3.0L,5,MITSUBISHI FUSO 4P10 3.0 L DIESEL ENGINE,https://www.facebook.com/jdmmiamimotors/posts/pfbid02GfX379Ty7SGHBNDtEQP1GbFRmuKJ7Fnb61NbGbZNCqMb2JfaTRY7rukgmgnHpQzl
Ford_P4AT_2.2L,Ford,P4AT,Engine,,2.2L,5,FORD RANGER P4AT/P5AT 2.2L/3.5L ENGINE,https://www.facebook.com/jdmmiamimotors/posts/pfbid0hKaD2EbTRbGvn2ezU8MwPzSGv4uQ4FkvF4zQTYXJXYct6KKi9xw3TQdwupAdB9JHl
Mitsubishi_4G64_2.4L__2,Mitsubishi,4G64,Engine,Petrol,2.4L,5,MITSUBISHI 4G64 2.4L V4 GASOLINE ENGINE,https://www.facebook.com/jdmmiamimotors/posts/pfbid0Kjb6YrK8bdQFeHwcHGL14ZqQjuKEc98Nmkapz4S8c2xbWww3HWUY5Wxx7wRdBz8yl
Mitsubishi_4M42_3.0L__2,Mitsubishi,4M42,Engine,Diesel,3.0L,3,Mitsubishi 4M42 (3.0L) Inline 4-Cylinder Turbo charges Diesel engine.,https://www.facebook.com/jdmmiamimotors/posts/pfbid02hXhGUk7Nt5Se36ez767eDVGb7MaZeAMyjkZVbJkpneMHG2Hcyx6ikkjBashjDZwbl
Nissan_VQ40_4.0L__2,Nissan,VQ40,Engine,Petrol,4.0L,5,NISSAN VQ40 4.0 L V6 GASOLINE ENGINE,https://www.facebook.com/jdmmiamimotors/posts/pfbid037u6HJSFW1AwBuK7gNK2D8m7JBiy8Zb6hbiAwG8Jw7VH1xyySb9restgzHnnXwywpl
1.8L,,,Engine,Petrol,1.8L,5,MERCEDES BENZ M 271 1.8 L GASOLINE ENGINE,https://www.facebook.com/jdmmiamimotors/posts/pfbid0MEJSVmaBivEAWXoSDGda5pEhcXYdz5PqqWTs1NS7biPXiLZX5Pjo31S55pAX2wGTl
Toyota_SO5D_4.8L__2,Toyota,SO5D,Engine,Diesel,4.8L,3,TOYOTA SO5D 4.8L V4 DIESEL ENGINE,https://www.facebook.com/jdmmiamimotors/posts/pfbid02goQ58akygPLvKyfbtRGp5pGBsAZkcq4x2K33N2shDamjXdPsNeUiSh4SNbfftvql
Toyota_2GR_3.0L__2,Toyota,2GR,Engine,Petrol,3.0L,5,TOYOTA 2GR/3GR 3.5/3.0 L GASOLINE ENGINE,https://www.facebook.com/jdmmiamimotors/posts/pfbid02EgMkFTx6VYXDfURvagNFRb4FTyhx5BpdVek6K2EuLwp2yJcgGzHY6Nb9oUv3Yccjl
N42_1.8L,,N42,Engine,Petrol,1.8L,4,BMW N42 & N46 1.8L V4 GASOLINE ENGINE,https://www.facebook.com/jdmmiamimotors/posts/pfbid02MHMjkDoiHUNCy37hPMMoSxTAtqcfKxXhU9ZQ8jM6CQbx9FHMhKwqSz4o1D7AY3Tzl
Mazda_WE_3.0L__3,Mazda,WE,Engine,Diesel,3.0L,3,MAZDA WE 3.0L V4 DIESEL ENGINE AVAILABLE,https://www.facebook.com/jdmmiamimotors/posts/pfbid02X8xsLz67NWwhtyQMt1YxjRFvefW411NzaNEnWGjPUQHpK2Wf6iVBDZo3uQxjRxtVl
N46,,N46,Half Cut,,,3,BMW N46 COMPLETE HALFCUTS,https://www.facebook.com/jdmmiamimotors/posts/pfbid028oqkfYgoqUrwBKDzPrsPQ3AiRPmtwExMeQjNRaj6hQjs5WuxUUfdwXQbktzBZizhl
Toyota_2RZ,Toyota,2RZ,Half Cut,,,4,TOYOTA HIACE 2RZ COMPLETE HALFCUTS,https://www.facebook.com/jdmmiamimotors/posts/pfbid02GrpjY9w7YY77iCCNjemtgqRo7553BqmiCFx54GfVrpURXGdLX4NDvWLMmQmwoiJil
Toyota_1ZZ__2,Toyota,1ZZ,Half Cut,,,5,TOYOTA COROLLA 1ZZ COMPLETE HALFCUTS,https://www.facebook.com/jdmmiamimotors/posts/pfbid02MkLJjWs9RwHNq2iTtbmGxYtcBBUmA8gUHUfZzgsXHjRoiJqY1d8WbreYfTYhWcZtl
Mitsubishi_4D56-TURBO_2.5L__3,Mitsubishi,4D56-TURBO,Engine,Diesel,2.5L,5,MITSUBISHI 4D56-TURBO /NON TURBO/INTERCOOLER  2.5L V4 DIESEL ENGINE.,https://www.facebook.com/jdmmiamimotors/posts/pfbid0KLKwSvCEhJcEvdVPoG2ka6F79yPYgeyPGcm9LYm7fgMN68T9sHvjK6vXWg29Ws6Zl
Mitsubishi_L200-4D56,Mitsubishi,L200-4D56,Half Cut,,,5,"MITSUBISHI L200-4D56 U COMPLETE HALFCUTS (FRONT CUT, ENGINE, TRANSMISSION, COMPLETE SET OF DOOR, FRONT AND REAR DIFFERENTIAL)",https://www.facebook.com/jdmmiamimotors/posts/pfbid02NQfafR8wT3eFP896zE9jCvDbeYhSG59p8b2bwZuo8BAc87EfofBK5moG6MitnnUUl
Nissan_YD25__2,Nissan,YD25,Half Cut,,,3,"NISSAN NAVARA YD25 COMPLETE HALFCUTS (FRONT CUT, ENGINE, TRANSMISSION, COMPLETE SET OF DOOR, FRONT AND REAR DIFFERENTIAL)",https://www.facebook.com/jdmmiamimotors/posts/pfbid032qkgXJfxF4UG7J9giZoxujPXCcmGDfMi7tFA6RSLdaJgWyTEwX7q8gj6k1Xikxngl
Toyota_1KZ,Toyota,1KZ,Half Cut,,,3,"TOYOTA PRADO 1KZ COMPLETE HALF CUTS (FRONT CUT, ENGINE, TRANSMISSION, COMPLETE SET OF DOOR, FRONT AND REAR DIFFERENTIAL)",https://www.facebook.com/jdmmiamimotors/posts/pfbid027vJ1ytTBeTGaBcRcgHYGrqkMK8FhuBv8WNCHRe4LvcB9y8kpxeRYYboTufHQWpCMl
Hyundai_D4BB_2.5L__3,Hyundai,D4BB,Engine,Diesel,2.5L,4,HYUNDAI – D4BB 2.5L  V4 TURBO AND NON-TURBO DIESEL ENGINE,https://www.facebook.com/jdmmiamimotors/posts/pfbid0MdZd2wLBTsgCjH7SJJG1FZRVS1m2KkpGRu9774kaHefbL6rNVmK2AnrhMLUqiyGol
Mitsubishi_4D56-U_2.5L__3,Mitsubishi,4D56-U,Engine,Diesel,2.5L,4,MITSUBISHI 4D56-U 2.5L V4 DIESEL ENGINE.,https://www.facebook.com/jdmmiamimotors/posts/pfbid0tx49DuqZ3ANLh3ocdoDz6gSRVdgMp2G9dbU6KhJeEUPJqjJ1AYJCxM3LXmmGTezkl
Toyota_2TR_2.7L,Toyota,2TR,Engine,Petrol,2.7L,4,TOYOTA 2TR  2.7L / 1TR 2.0L - V4 GASOLINE ENGINE,https://www.facebook.com/jdmmiamimotors/posts/pfbid02Zqa6HcNveqAn23nhqM53uLc3PPU7donXmPiobRcx5A48VqL3r9uFphMsEoM8dkMjl
Mazda_WL_2.5L__5,Mazda,WL,Engine,Diesel,2.5L,5,MAZDA WL – 2.5 L V4 DIESEL ENGINE-,https://www.facebook.com/jdmmiamimotors/posts/pfbid0N48pAY9UMAVgyfS45dd33mtcGD7g2tvYFpG4J94DJPweKoBs5j7ixBWVomLwjqWhl
Isuzu_4JA1-T_2.5L__2,Isuzu,4JA1-T,Engine,Diesel,2.5L,4,ISUZU  4JA1-T 2.5L V4 DIESEL ENGINE,https://www.facebook.com/jdmmiamimotors/posts/pfbid0CCy26atAybuNmJBtYnwHCTqCgXoTBrFNyyCxy1kt8GK33arQwRh9xMZ6RBzoL7uVl
Mitsubishi_4M40_2.8L__3,Mitsubishi,4M40,Engine,Diesel,2.8L,5,MITSUBISHI 4M40 (2.8L ) In-line 4 Cylinder turbo charged diesel engine...,https://www.facebook.com/jdmmiamimotors/posts/pfbid02Py6HdE4L92A8dB5fsymCehdEyPq7w87SPezaD2UyveR6yRWKXoNEv8zXMQR83GwDl
Kia_J2_2.7L__3,Kia,J2,Engine,Diesel,2.7L,3,KIA J2(2.7L) KIA JT(3.0L) V4 DIESEL ENGINE,https://www.facebook.com/jdmmiamimotors/posts/pfbid0btPkFLRt9ozrio2yu3RiZrUV2DqnifeKozNkkLKgPTDyxCG9su3zvcHL4hVyghYKl
Nissan_YD25_2.5L__6,Nissan,YD25,Engine,Diesel,2.5L,5,NISSAN YD25 2.5L V4 TURBO CHARGED DIESEL ENGINE,https://www.facebook.com/jdmmiamimotors/posts/pfbid0FmUxyq5zXNRJRuhD939NsFAsewKDen5Sg7TyprsEs4zTEb3S6mxRGXi2pvr8ThTBl
Toyota_1UZ_4.0L,Toyota,1UZ,Engine,Petrol,4.0L,4,"Toyota 1UZ(4.0L) VVTI and NON-VVTI, V8 GASOLINE ENGINE",https://www.facebook.com/jdmmiamimotors/posts/pfbid024fMsjGm5Ztq2qFpEyupe1WiBVVUT52bii8qtvZ5Qk4i3iTVeifUNwUWUyt37hDthl
Nissan_ZD30_3.0L__4,Nissan,ZD30,Engine,Diesel,3.0L,3,NISSAN ZD30(3.0L) TURBO & NON TURBO V4 DIESEL ENGINE,https://www.facebook.com/jdmmiamimotors/posts/pfbid02x2wUnfCEGty4amX3FKVdnerZksNhumHRuaq5JcQuSbstGWM7M8eDBJpobNxDu93Nl
Mazda_R2_2.2L__2,Mazda,R2,Engine,Diesel,2.2L,5,MAZDA R2 2.2L V4 DIESEL ENGINE,https://www.facebook.com/jdmmiamimotors/posts/pfbid0aPnm7rZhnyKWKPwRNT4kAP9LCEHSEF8d4rQxdhkRN2Wb8pKzcZiVgNFHB1A3Zgful
Toyota_1NZ_1.5L__3,Toyota,1NZ,Engine,Petrol,1.5L,5,"Toyota 1NZ(1.5L) & 2NZ(1.3L), V4 GASOLINE ENGINE",https://www.facebook.com/jdmmiamimotors/posts/pfbid0YLyAdMQujCW68JhPspt2ie25zMqAaptxvf9qo6CEtEccvYKQ9Ybbr9fbcwyqRrkfl
Toyota_5L_3.0L__5,Toyota,5L,Engine,Diesel,3.0L,3,TOYOTA 5L 3.0L V4 DIESEL ENGINE,https://www.facebook.com/jdmmiamimotors/posts/pfbid02kuwmwhjHKeunPDJwKkV3JhD9ttuMXJc756vmUZ46MrG1h7piTSEcq8J9A2jPNZSUl
Nissan_QD32-TURBO_3.2L__2,Nissan,QD32-TURBO,Engine,Diesel,3.2L,4,NISSAN QD32-TURBO  3.2L MANUAL PUMP V4 DIESEL ENGINE.,https://www.facebook.com/jdmmiamimotors/posts/pfbid0MM5AELNDHMcWkUNBtngEiqzToEz9yqYtD7Ang61zmBYTM85WnrMbDb3P9nReb4v4l
Toyota_0L_3.0L__2,Toyota,0L,Engine,Diesel,3.0L,4,TOYOTA 1 KZ-TURBO 3.0L V4 DIESEL ENGINE,https://www.facebook.com/jdmmiamimotors/posts/pfbid02UZTPimVkGsm88h9KDayVjkQh4eG61aqhPLPt64V4BjTbRy8ru3WfEzB6s7LPfhEfl
Toyota_1KD_3.0L__6,Toyota,1KD,Engine,Diesel,3.0L,3,TOYOTA 1KD (3.0L ) / 2KD ( 2.5L ) V4 DIESEL ENGINE.,https://www.facebook.com/jdmmiamimotors/posts/pfbid09NiRo1QEYmFaMk6Shqa3J3WL3wSjMNwjgQmML2eNaqvbboYrvvu9hhnRUQPBDyZ9l
UNSORTED__4,,,Engine,,,1,¿BUSCAS PIEZAS DE VEHÍCULOS USADOS DE ALTA CALIDAD...?,https://www.facebook.com/jdmmiamimotors/posts/pfbid0pAzK3k5KmDxeN9rNTtmwqyiHP2wHTX93V9Kc3WKU3hSYe2UEHCqfQLxLgQwYoETzl
UNSORTED__5,,,Engine,,,1,LOOKING FOR TOP QUALITY USED VEHICLE PARTS...?,https://www.facebook.com/jdmmiamimotors/posts/pfbid02RZV1UgZfYSb1jYed2BUobYqjdVasu4QBmybqASgUUc5KNe7okeHJV7oT7WNxXih8l
Nissan_FD35_3.5L__2,Nissan,FD35,Engine,Diesel,3.5L,4,Nissan FD35 (3.5L) InLine-4 Non-Turbo and Turbo Charged Diesel Engine.,https://www.facebook.com/jdmmiamimotors/posts/pfbid0AQZY8qMdTMdTyeuLaQFKRHwEY8vEGBBZ6Btqdp4fTX5ksgdVxooq1mSN7R8PTz9el
Toyota_2L_2.4L,Toyota,2L,Engine,,2.4L,4,TOYOTA  2L NON-Turbo 2.4L ENGINE,https://www.facebook.com/jdmmiamimotors/posts/pfbid02S3LE6N2CH1SD6T1j9WcZGVuX76oebydS5A2urtFV57tP9TrWJc6vpyd25a8Kanfrl
HalfCut__2,,,Half Cut,,,5,"“COMPLETE HALF CUTS” - (CABIN, ENGINE& TRANSMISSION, COMPLETE SET OF DOORS,FRONT AND REAR DIFFERENTIALS, COMPLETE SET OF SUSPENSIONS.)",https://www.facebook.com/jdmmiamimotors/posts/pfbid02WPps8vy8fZAvEqFEM9ZyNNu31rEKKpfFaSZbHRgWdEAisgbxxJYNKobyv96vigZel
Mitsubishi_4M42_3.0L__3,Mitsubishi,4M42,Engine,Diesel,3.0L,4,Mitsubishi 4M42 (3.0L) Inline 4-Cylinder Turbo charges Diesel engine.,https://www.facebook.com/jdmmiamimotors/posts/pfbid0ZUGz7K7344FrnkAqXHJ814z7DEpDhFfPNC2hxrTB5MjpNSC5UVHoBHpS9CQEQXUCl
Nissan_HR12_1.2L,Nissan,HR12,Engine,Petrol,1.2L,5,NISSAN HR12 1.2L V4 TURBO CHARGED GASOLINE ENGINE,https://www.facebook.com/jdmmiamimotors/posts/pfbid02WCuSrfVfq2QHMcYq8T8Kwvy65KQuuYrdoyQ4cKDkBF6uSkktdwCRrehA7xfq4egKl
Nissan_TD27-TURBO_2.7L__4,Nissan,TD27-TURBO,Engine,Diesel,2.7L,5,NISSAN TD27-TURBO & NON TURBO  2.7L EFI & MANUAL PUMP V4 DIESEL ENGINE.,https://www.facebook.com/jdmmiamimotors/posts/pfbid01KJ5xMVjHYvS9jkg2AzYwLPGaZyrskJM3auGgkvgYaCAMET3e7zZ6WZ3YeJd5A3Rl
Nissan_QD32,Nissan,QD32,Half Cut,,,3,HALF CUT NISSAN HARD BODY QD32 – PICK UP,https://www.facebook.com/jdmmiamimotors/posts/pfbid02CvaJupBF6DZ3unahJQacqyRyiPaVY72yXwEwd2MguELFwWWTnkEqyz2TPkyJzXC3l
Toyota_HalfCut__4,Toyota,,Half Cut,,,1,TOYOTA LAND CRUISER COMPLETE HALF CUT,https://www.facebook.com/jdmmiamimotors/posts/pfbid02scx9Vc6WBDJx2suDWVtDEEV37f9NHj4NbRGu81b3L2hzc2bdb2Xa4qQeMyMM1CqGl
Isuzu_4JB1_2.8L__3,Isuzu,4JB1,Engine,Diesel,2.8L,4,ISUZU 4JB1 2.8L V4 TURBO CHARGED DIESEL ENGINE,https://www.facebook.com/jdmmiamimotors/posts/pfbid0f21VrNZ62iHqW6n326hf46Sd7eEs4mtKQi8MvzbLYNfWVidgz2X1ircVbT1usoQGl
Toyota_1VD_4.5L__2,Toyota,1VD,Engine,Diesel,4.5L,2,"Toyota-1VD Twin Turbo & SingleTurbo V8 Diesel Engine, 4.5L",https://www.facebook.com/jdmmiamimotors/posts/pfbid0jjFddSuCp6QW13a3RhZsBCXKP7nwBb4iZx148YJaTmpAJdx4KSAGQhDKWyC5YRt7l
Toyota_HalfCut__5,Toyota,,Half Cut,,,2,TOYOTA LANDCRUISER PICK UP COMPLETE HALF CUT,https://www.facebook.com/jdmmiamimotors/posts/pfbid022vERFbsmtxjPwzEg4BcGYy3qZwmRPrSW7EkBwtKroK2pSi1gVDGxLWm4SUZaMUTRl
Nissan_QG18_1.8L,Nissan,QG18,Engine,Petrol,1.8L,5,NISSAN QG18 1.8L / QG15 1.5L V 4 GASOLINE ENGINE,https://www.facebook.com/jdmmiamimotors/posts/pfbid0NRDLUtT5N2hvNCK9GAu2c8m1APGaZedTGjpUnj7zwpHPU6J5zrmDuqgb7pj3srPGl
Gearbox,,,Gearbox,,,5,TOP QUALITY GEARBOXES @ BEST PRICES AVAILABLE IN THE MARKET,https://www.facebook.com/jdmmiamimotors/posts/pfbid02v1Rttb6jMFVSrMBsqopSvJBxw4EyNdh9G6krF5q8XfPmotGJoXAwBoj48nFvjrgQl
HalfCut__3,,,Half Cut,,,5,“COMPLETE HALF CUTS AND CARS” –,https://www.facebook.com/jdmmiamimotors/posts/pfbid0uuCuYFyjs2ywqMLXw2vken3QT2CktibLtzwmJfhZ5hKQ9YAD1wPZX9DGy3Fkfvqfl
Isuzu_4HG1,Isuzu,4HG1,Gearbox,,,5,ISUZU 4HG1 ALUMINIUM AND STEEL GEARBOXES,https://www.facebook.com/jdmmiamimotors/posts/pfbid02HjVpbRme9eF8921XGUQtNYN1VCSHBDfX4H6D93cER4X9HDyvuHDZwG7oV44RXbpel
Toyota_1NZ_1.5L__4,Toyota,1NZ,Engine,Petrol,1.5L,4,"Toyota 1NZ(1.5L) & 2NZ(1.3L), V4 GASOLINE ENGINE",https://www.facebook.com/jdmmiamimotors/posts/pfbid02FMnQss3qUUKn4hbU6nDDV2cn2UCHRYrdBBT6WsJmr9kF4hEDZKY2YSEHvVmhd4vhl
Nissan_ZD30_3.0L__5,Nissan,ZD30,Engine,Diesel,3.0L,5,NISSAN ZD30(3.0L) TURBO & NON TURBO V4 DIESEL ENGINE,https://www.facebook.com/jdmmiamimotors/posts/pfbid02o38jkK54XSxUKuEXJ9WTQGgWFiLSYrHZmFRXi7KxvftLh13Bx8prkWfhz1zH4xpql
Nissan_KA20_2.0L__2,Nissan,KA20,Engine,Petrol,2.0L,5,NISSAN KA20 (2.0L) KA24 (2.4L) V4 GASOLINE ENGINE,https://www.facebook.com/jdmmiamimotors/posts/pfbid02wDYSehe3MzthoXDawiX9BcfeBgW1GeUajRWt95Uph5kUeo9m5sfPQDHj8Mt1DNPkl
Hino_NO4C_4.0L__2,Hino,NO4C,Engine,Diesel,4.0L,4,HINO NO4C 4.0L V4 TURBO AND NON TURBO DIESEL ENGINE,https://www.facebook.com/jdmmiamimotors/posts/pfbid02wLRXChpwguHe8P4uV7yzc1z6wFtc8uU43xFiEWi7FQC8yoHSeeQK8E6kG52Pctjjl
Mazda_WE_3.0L__4,Mazda,WE,Engine,Diesel,3.0L,5,MAZDA WE 3.0L / WL 2.5L 12V/16V V4 DIESEL ENGINE AVAILABLE,https://www.facebook.com/jdmmiamimotors/posts/pfbid094FvfXDDp4Rje7ucWdrgVq5CzffnzbtLnqCjkzC5u1Sdkh7Dk1LzptW3PgWJ7yTLl
8L_1.8L,,8L,Engine,Petrol,1.8L,3,AUDI BFB 1.8L V4 TURBO CHARGED GASOLINE ENGINE.,https://www.facebook.com/jdmmiamimotors/posts/pfbid02pSc3KW6w66saHwKY5ZNQ9TVtvRuLRBy7vDSZRDaUGfaFAjAei6uDHSUCAm6KtUDWl
Kia_J2_2.7L__4,Kia,J2,Engine,Diesel,2.7L,5,KIA J2(2.7L) KIA JT(3.0L) V4 DIESEL ENGINE,https://www.facebook.com/jdmmiamimotors/posts/pfbid02TatHRnYVNwCPuorLeDXQd3U48NaBHd7AvJKmXiYou9WfE8RdktGzgTEzzJttoZJSl
WE,,WE,Half Cut,,,5,"WE HAVE ALL TYPES OF USED EUROPEAN HALF CUTS, ENGINES, TRANSMISSION AND USED AUTO PARTS",https://www.facebook.com/jdmmiamimotors/posts/pfbid02eCW6JDz4bYh7pe6Czs9ixGr2VN6bM3ZqKqCJ7dQ71D3vqNjUvkppupYGwEgt6MzPl
Toyota_1HD_4.2L,Toyota,1HD,Engine,Diesel,4.2L,3,TOYOTA-1HD TURBO (12 VALVE) V6 4.2 L DIESEL ENGINE,https://www.facebook.com/jdmmiamimotors/posts/pfbid034eEdfXgev9tAr7xZiSbBDRihNrqH14QsgsE4TdYyKaJcZ2h3Cvd8tJ1g8MFtRYml
Isuzu_4BD2_3.9L,Isuzu,4BD2,Engine,Diesel,3.9L,4,ISUZU 4BD2  TURBO 3.9L  V4  DIESEL ENGINE,https://www.facebook.com/jdmmiamimotors/posts/pfbid0vh5GKNy5n9QNQJzzriuYfRSXEN1Sa5xhND1iE832g7q5ciQ6EkCQZ1qEKXuae5ZQl
Toyota,Toyota,,Engine,,,4,TOYOTA HILUX HALF-CUTS:,https://www.facebook.com/jdmmiamimotors/posts/pfbid0PuNz5ZJA1VtaPQXRUHPev753Kwb7E1ajAyb42DprxpNr6VnRSBu2Jfpbd53gMY9Cl
Mitsubishi_4D56_2.5L,Mitsubishi,4D56,Engine,Diesel,2.5L,4,MITSUBISHI 4D56 2.5L V4 NON TURBO AND TURBO CHARGED DIESEL ENGINE,https://www.facebook.com/jdmmiamimotors/posts/pfbid0BeRTTRcSANLnjWv7JLH3pNq3YgH2MXV6ugWBbgGysjCMVDJWDDgqS7o1HNcvquGxl
Mitsubishi_4D56-U_2.5L__4,Mitsubishi,4D56-U,Engine,Diesel,2.5L,4,MITSUBISHI 4D56-U  2.5L V4 DIESEL ENGINE.,https://www.facebook.com/jdmmiamimotors/posts/pfbid0E3tDJEQdgvLomWTnNmo6kGUMLsDddg8ZpTUakbnU83bkmtxtEYSg6uehMUsMidQGl
Hyundai_D4CB-TURBO_2.5L__2,Hyundai,D4CB-TURBO,Engine,Diesel,2.5L,3,HYUNDAI –D4CB-TURBO 2.5L V4 DIESEL ENGINE,https://www.facebook.com/jdmmiamimotors/posts/pfbid0v1DHbQVLvdQsyddkdhAw47PEZQnU8gpiSRSXd2reuvH1rumvwNAhRb3ZuqES42nUl
Hyundai_D4HA_2.0L__2,Hyundai,D4HA,Engine,Diesel,2.0L,4,HYUNDAI D4HA (2.0L)  / D4HB (2.2L) TURBO CHARGED DIESEL ENGINE.,https://www.facebook.com/jdmmiamimotors/posts/pfbid0mGNKzpmJMt4CzSrjvNpWyVf6P7BsEWf7D9YoT2wubRBXxA633gayiycgVVqNJfFzl
Nissan_TD42_4.2L,Nissan,TD42,Engine,Diesel,4.2L,4,NISSAN TD42 TURBO AND NON TURBO 4.2L V6 DIESEL ENGINE.,https://www.facebook.com/jdmmiamimotors/posts/pfbid032kqcrx4zdFESuPPwgX5jWTcu8hSNcA6mXBXGt7NxX2fv5sFVKdVik6m4JRSRjgVql
Toyota_2L_2.4L__2,Toyota,2L,Engine,Diesel,2.4L,3,Toyota-2L NON TURBO  2.4 L V4 Diesel Engine,https://www.facebook.com/jdmmiamimotors/posts/pfbid0328h19sFbLVUPMAhTf8rLzmPZJBDbGaYQhecxH2YVtxN8Xztev9VmWeB6bt824kLMl
Toyota_2L_2.4L__3,Toyota,2L,Engine,Diesel,2.4L,3,Toyota-2L/2L TURBO  2.4 L V4 Diesel Engine,https://www.facebook.com/jdmmiamimotors/posts/pfbid02eRAqGVtpSuhtrRucPWzxCxxUFUQPRmamuoBFCtNwyGhpoU3LNLFznccZLfZzgy4Al
Toyota_2L_2.4L__4,Toyota,2L,Engine,Diesel,2.4L,1,Toyota-2L/2L TURBO  2.4 L V4 Diesel Engine,https://www.facebook.com/reel/727527202869049/
Toyota_3L_2.8L__5,Toyota,3L,Engine,Diesel,2.8L,1,"Toyota-3L, 2.8 L V4 Diesel Engine",https://www.facebook.com/jdmmiamimotors/posts/pfbid02TaSvTjtHpsS9FfYwLL87XK6NW7B29QxaisEx1cdbtnjbuCE5P6T7wpDvnss6xqoKl
Toyota_CompleteCar,Toyota,,Complete Car,,,4,TOYOTA LANDCRUISER COMPLETE CARS & HALF-CUTS:,https://www.facebook.com/jdmmiamimotors/posts/pfbid037UJSqfZm6vSsUcbriQiV1kfUQfXgRCV9hrXhNB1cUgyuT4gNmErWdgcBK6yVcyxEl
Toyota_2TR_2.7L__2,Toyota,2TR,Engine,Petrol,2.7L,5,TOYOTA 2TR  2.7L / 1TR 2.0L - V4 GASOLINE ENGINE,https://www.facebook.com/jdmmiamimotors/posts/pfbid02KQ9YwZ55v1SwYfyjtdd4WDtFQaasYKuH8afjNHNcmxiXwXFgRM9Tu2kCpZownofFl
HalfCut__4,,,Half Cut,,,4,HALF CUT VOLKSWAGEN AMAROK,https://www.facebook.com/jdmmiamimotors/posts/pfbid02vfsXdvmQ8qCAnvVktcZCokCzh79aBLreeZhd3L3yisSWXA65fiZ7DytWdjmktiv4l
Mitsubishi_4D56,Mitsubishi,4D56,Half Cut,,,3,HALF CUT MITSUBISHI TRITON - 4D56 HALF CUTS,https://www.facebook.com/jdmmiamimotors/posts/pfbid04cCGXrQsv6zAWE48FuSDv2a9oGzTP2a5XpQVx3dri6gRoMARm7XTzUqkdRwUwzFDl
Nissan_YD25__3,Nissan,YD25,Half Cut,,,3,HALF CUT NISSAN NAVARA YD25,https://www.facebook.com/jdmmiamimotors/posts/pfbid0NpFrFehXFP5595uJeTf4GQeSpBFPCAtJ9xMYVPiKNaXeLHFPjAkh4atiE5ipntgUl
Toyota_CompleteCar__2,Toyota,,Complete Car,,,4,TOYOTA LANDCRUISER COMPLETE CARS & HALF-CUTS:,https://www.facebook.com/jdmmiamimotors/posts/pfbid0ViWcoCARtGtoXZXUuDWi6rQXCWFs9SeCx31hEFX3csrUfboa5tmdzf1JcdLs8cbTl
Isuzu_4JA1-T_2.5L__3,Isuzu,4JA1-T,Engine,Diesel,2.5L,3,ISUZU  4JA1-T 2.5L V4 DIESEL ENGINE,https://www.facebook.com/jdmmiamimotors/posts/pfbid02QahERJ6rnfpmvND3aabeEXa3rd2cP5VXbDFcWwNMPj1AsBsURKLGJDgqrNQXhegKl
Isuzu_4HF1__3,Isuzu,4HF1,Engine,Diesel,,4,ISUZU NPR (4HF1- 4.33L) DIESEL ENGINE,https://www.facebook.com/jdmmiamimotors/posts/pfbid0Lo5GWBsM7MB5XfH4um7HsmJpMcmGRAV4WBzr9EF15ryE4k13hfM2zxyP28yRYn9Al
Nissan_TD27-TURBO_2.7L__5,Nissan,TD27-TURBO,Engine,Diesel,2.7L,4,NISSAN TD27-TURBO & NON TURBO  2.7L EFI & MANUAL PUMP V4 DIESEL ENGINE.,https://www.facebook.com/jdmmiamimotors/posts/pfbid02pEvHMpM3kfZS6FigkTNbJC591U98fjStyfqGG9qYHBbd1TuFXStbpMsaCyemyXakl
Nissan_TD27-TURBO_2.7L__6,Nissan,TD27-TURBO,Engine,Diesel,2.7L,2,NISSAN TD27-TURBO & NON TURBO  2.7L EFI & MANUAL PUMP V4 DIESEL ENGINE.,https://www.facebook.com/jdmmiamimotors/posts/pfbid0aa49ffsRDuNHQ8AxGaznwXWu5SLrY8Ec8VQFfNhTSxtpbU4ZqbNHN1CDALZygJMQl
Toyota_1KD_3.0L__7,Toyota,1KD,Engine,Diesel,3.0L,1,TOYOTA 1KD (3.0L ) / 2KD ( 2.5L ) V4 DIESEL ENGINE.,https://www.facebook.com/jdmmiamimotors/posts/pfbid04METerNetWfSL1tNenho1yWXosagVF3swL525A3UmKWQRm8egdMkaGpg8vGuTQHLl
UNSORTED__6,,,Engine,,,5,LOADING 🚛🎊,https://www.facebook.com/jdmmiamimotors/posts/pfbid0owLYCQjVie19GsvUoPaBPCDKW1ubWTGj73jmBVFis9msH9MPECbQ2Pee5ZJMdtP9l
UNSORTED__7,,,Engine,,,3,LOADING 🚛🎊,https://www.facebook.com/jdmmiamimotors/posts/pfbid0dTN88A89V2Lv2SaLqNwCDKPp9SKtHTAtpthuCLVKM1wgijqGWhfBjZighPKKo7VAl
UNSORTED__8,,,Engine,,,1,LOADING 🚛🎊,https://www.facebook.com/jdmmiamimotors/posts/pfbid036EDtBuSWNtgwHZYC97MPBCx9EZdAyRPvmiwCCjny3UPxPh8tVSwMTWAztugYpCw5l
UNSORTED__9,,,Engine,,,1,LOADING 🚛🎊,https://www.facebook.com/jdmmiamimotors/posts/pfbid02t2sMmE2FKyt67zTupbesiG2mfXDv39bz9sdfoe93zPwM3SSN6FFZ1NmmJLtsMUfbl
UNSORTED__10,,,Engine,,,1,LOADING 🚛🎊,https://www.facebook.com/jdmmiamimotors/posts/pfbid0z1B6fsYenKX8Qh6ixgeYwbkw1QL1ygCoPxU611T5ezZmcvPQdVW5Acn2QzBBjxmzl
UNSORTED__11,,,Engine,,,1,LOOKING FOR TOP QUALITY USED VEHICLE PARTS...?,https://www.facebook.com/jdmmiamimotors/posts/pfbid02YpvfA1j3xWeWwmDipo5muMfXDfLAuMFLa6vyR5LQ6CBegaRKU5sTDCKuvLnPzNUyl
HalfCut__5,,,Half Cut,,,1,ALL KINDS OF COMPLETE HALFCUTS AND ENGINES…,https://www.facebook.com/jdmmiamimotors/posts/pfbid0ijvBf3fXR6zKoLptkYdsLDv9mXW4fzd7uPKdai47RfuePqtWzahnPDyHwx1Ludw9l
Nissan_YD25__4,Nissan,YD25,Half Cut,,,3,HALF CUT NISSAN NAVARA YD25,https://www.facebook.com/jdmmiamimotors/posts/pfbid02KCTpR6xJRDm9WJnsDjqAGPJATXNe9gjpRYHevQert5GqmnezrguQ99TiWN9cB5G1l
Nissan_ZD30,Nissan,ZD30,Half Cut,,,4,HALF CUT NISSAN NAVARA /PATHFINDER  ZD30,https://www.facebook.com/jdmmiamimotors/posts/pfbid037c4B249m1rbC4ypyWFdddAZ7Cjmc4GfduZ69JC5itbVRViMAzgsbRdyaTj8HRjXHl
UNSORTED__12,,,Engine,,,1,LOADING... 🚛🚢,https://www.facebook.com/jdmmiamimotors/posts/pfbid0355w2ptKJremKbUEf74mmVjeAUmqgJ6yQbh9xyayv3h7gyznswPPTXfxqGRTZ6Lmyl
UNSORTED__13,,,Engine,,,1,LOADING... 🚛🚢,https://www.facebook.com/jdmmiamimotors/posts/pfbid024KbPSb9sXjxuvycJ6FX511fTbHaK21MCbBNfQmJQuKcDe7b35ch6nw1zTfXKgTYul
UNSORTED__14,,,Engine,,,1,LOADING... 🚛🚢,https://www.facebook.com/jdmmiamimotors/posts/pfbid0o9Mr35zNsaCywUrujqjFzvY3rvHJhSAqwonxjwE2SLiiuFk6HvtyNUb6SxXqwUxGl
UNSORTED__15,,,Engine,,,1,LOADING... 🚛🚢,https://www.facebook.com/jdmmiamimotors/posts/pfbid02KqA73CYaMK1pNoJrNAiEKRsCRWEVE1g3VkME7fPF5W2Tva2yews4ucdf6BGA3SFwl
UNSORTED__16,,,Engine,,,1,LOADING... 🚛🚢,https://www.facebook.com/jdmmiamimotors/posts/pfbid08Q9J4nosozfY4yCkyf9s5U7sdjjodox3oDnkc4eV3Jmv5kKuzZR3u9Bujqpt6cAPl
UNSORTED__17,,,Engine,,,1,LOADING... 🚛🚢,https://www.facebook.com/jdmmiamimotors/posts/pfbid033qk7MgoBNF4FK2bvocgrxZvUC6DuAfUPLNQen8QMj1HCCkArNTwPPVefNN7mbysDl
UNSORTED__18,,,Engine,,,1,LOADING... 🚛🚢,https://www.facebook.com/jdmmiamimotors/posts/pfbid0dpYxPUYRb64pxmP2Twebn4eBqUufRLRJQTvniymnVRAqveHcb9KKrRHhXjng6BpYl
UNSORTED__19,,,Engine,,,1,LOADING... 🚛🚢,https://www.facebook.com/jdmmiamimotors/posts/pfbid02QAfjdwhYPQV9HiYYzKEyq3VC43rZceW7sihPMWqxpjqVFdXVL7q4hqqQuhjiTk5Xl
UNSORTED__20,,,Engine,,,1,LOADING... 🚛🚢,https://www.facebook.com/jdmmiamimotors/posts/pfbid0pZ3pNgXoJ5WC4VjfDgUkb82DNf6An94rGKBRzWuUEmtQuhN8rvQVT92yVbbYxkryl
UNSORTED__21,,,Engine,,,5,LOADING... 🚛🚢,https://www.facebook.com/jdmmiamimotors/posts/pfbid033XBJHEVVYWdrFz27StitbK4D6mo5dn1dXw58Dwp7EJEHhivfBngqyGd8DsVDXGKYl
UNSORTED__22,,,Engine,,,5,LOADING... 🚛🚢,https://www.facebook.com/jdmmiamimotors/posts/pfbid0gG64W8gLkcogdMdrj6XVPrguEPSoKfjLoKeBG9tcbPvAiFYMriJRY5F1XXah3wiEl
UNSORTED__23,,,Engine,,,1,LOADING... 🚛🚢,https://www.facebook.com/jdmmiamimotors/posts/pfbid06StmXrngw9qzSbhkSmd2iooCfp1GscrZ4dAZhLMwS81xY9C9oR7aEPGMwJPFa9s8l
UNSORTED__24,,,Engine,,,1,LOADING... 🚛🚢,https://www.facebook.com/jdmmiamimotors/posts/pfbid02ddJUVNuUXoJbB2cFy9eGhQBZFSoY8YC5bw5cW1R3sXWMHJLJmMDmrAjzvndjtZ6ol
UNSORTED__25,,,Engine,,,1,LOADING... 🚛🚢,https://www.facebook.com/jdmmiamimotors/posts/pfbid02BqETT2nroN9fLLwNYx8rbRsj19jhaKXpoeGJynRFiquHowGcaneA9QJEkUNnZ28ml
UNSORTED__26,,,Engine,,,1,LOADING... 🚛🚢,https://www.facebook.com/jdmmiamimotors/posts/pfbid02oiEQE6uUikwC1fKwHvjCejbNfgQqMLrGiK7rhj1ECDgyyrT4222Fb4MYL8M1rKV8l
UNSORTED__27,,,Engine,,,1,LOADING... 🚛🚢,https://www.facebook.com/jdmmiamimotors/posts/pfbid02cdria1Z83qYLnDDAaopKUhwp4pe1Cyt5yjZiCwKX9zpuqvzYwmw6GrXwtS5WneTKl
UNSORTED__28,,,Engine,,,1,LOADING....,https://www.facebook.com/reel/380923327858249/
Isuzu_4JJ1_3.0L__2,Isuzu,4JJ1,Engine,Diesel,3.0L,3,ISUZU 4JJ1 TURBO INTER COOLER - DMAX – 3.0 L DIESEL ENGINE.,https://www.facebook.com/jdmmiamimotors/posts/pfbid02AtJMu6ADq5bCjHbxPTTrmEdDoWCceSN3qkLoTaqbd7GNebn3V5oPmL5ANphbupoSl
Mitsubishi_4D56-U_2.5L__5,Mitsubishi,4D56-U,Engine,Diesel,2.5L,3,MITSUBISHI 4D56-U  2.5L V4 DIESEL ENGINE.,https://www.facebook.com/jdmmiamimotors/posts/pfbid037FjzP88aVxwAEUWBQnMA2PY7RHZgp4aKmeuNFw7TWATQ8s1XgLpD9xqVN4cDPcMMl
Nissan_YD25_2.5L__7,Nissan,YD25,Engine,Diesel,2.5L,5,NISSAN YD25 2.5L V4 TURBO CHARGED DIESEL ENGINE,https://www.facebook.com/jdmmiamimotors/posts/pfbid0xfRBYopDctXTfdnyXbFB8WRag17a5EfJqnt7XkUNMPsyKBXRhMaZ8TjURJwogggsl
Hyundai_H1__2,Hyundai,H1,Half Cut,,,1,ALL KINDS OF HYUNDAI H1 HALFCUTS AND ENGINES…,https://www.facebook.com/jdmmiamimotors/posts/pfbid02ejjeLxCWGg7tidyCFJ21ozW8a3EFJTaKnVhsFaPP6WhB4oPbRC7Kn418K39k1MZ1l
UNSORTED__29,,,Engine,,,1,OFF LOADING..🎊🚛,https://www.facebook.com/jdmmiamimotors/posts/pfbid02nVnpt9Tk5ndj86Pnqk6YRM1BVQFf1Viv8z7KVABNGSce7qV1YrymZNR6YbBVRXbkl
UNSORTED__30,,,Engine,,,1,OFF LOADING..🎊🚛,https://www.facebook.com/jdmmiamimotors/posts/pfbid0XZY7wooZghQB4KtD2G3drg2YLNe4x1uUKw2hgbhCYQhxhbpDfCJLF8m2NbKnjn8El
UNSORTED__31,,,Engine,,,1,OFF LOADING..🎊🚛,https://www.facebook.com/jdmmiamimotors/posts/pfbid0hbX2M4ReooA4WasPwnuXPDsbdP2wytHkRNawCuvtKMBJdh5LzbxUPkbVnA7WbBKal
UNSORTED__32,,,Engine,,,1,OFF LOADING..🎊🚛,https://www.facebook.com/jdmmiamimotors/posts/pfbid02sCAHbbmfSLLz7juBx4XS6MCd3B16XyNyi9qiLYJQmEAMNoEfdfVmLvSD1nnZgt4zl
UNSORTED__33,,,Engine,,,1,OFF LOADING..🎊🚛,https://www.facebook.com/jdmmiamimotors/posts/pfbid0367EVgw8vxjFTAhU2dSK1TcRdNUnDQJAyMw8uJNDBMF4n825dVbzGXGdAUjdobByWl
UNSORTED__34,,,Engine,,,2,OFF LOADING..🎊🚛,https://www.facebook.com/jdmmiamimotors/posts/pfbid0eVKbHRURA8iDs3V3yydYyEPj6KU72uabGgje3twJKKjheWcTMUJ84NMY2ku7uarYl
UNSORTED__35,,,Engine,,,3,OFF LOADING..🎊🚛,https://www.facebook.com/jdmmiamimotors/posts/pfbid02y3UbyHjRt7MMCLS2scDt2sdKicVJe5enMkSAJEC5jrGYvamjP1abc2FiN8SLjudAl
UNSORTED__36,,,Engine,,,1,OFF LOADING..🎊🚛,https://www.facebook.com/jdmmiamimotors/posts/pfbid0fBHvpqM2nKdD3Zm4LVW64qXwiFpRxrcvA4qNSQjsWPSuf35jCJBGxCAicF1iBTzBl
UNSORTED__37,,,Engine,,,1,OFF LOADING..🎊🚛,https://www.facebook.com/jdmmiamimotors/posts/pfbid06C3J34WEqKRTRpXTJXirEw64aHqh8nTGMvTBEdZqW6TG74cGscKp3wd155Ywr6CYl
UNSORTED__38,,,Engine,,,1,LOADING..🚛,https://www.facebook.com/jdmmiamimotors/posts/pfbid0tbR1JqqFR4Ld3rx4mpYshz7hpG8W2HBwxHCcn47sZiMYVuMi5hnQ3WWCv9swets1l
UNSORTED__39,,,Engine,,,1,LOADING..🚛,https://www.facebook.com/jdmmiamimotors/posts/pfbid0x9pbNeeCCGjsZM4M6Xezhe38ywBNKL5HfvMKHAmp3B1Yp24D7WRS8K6H9hSk39eLl
UNSORTED__40,,,Engine,,,1,LOADING..🚛,https://www.facebook.com/jdmmiamimotors/posts/pfbid0XcvUp6CaTwiMwPTWDAXQrQGxc63HFnqveCSv2Rf4yCtPtuqAPHrrne1CsVqNwH6ql
UNSORTED__41,,,Engine,,,1,LOADING..🚛,https://www.facebook.com/jdmmiamimotors/posts/pfbid0YRtCrUNmWE2HrHg4EKcLuvik8CP5nJtQvotiw4sH6rFfntLRsq5LTH6DPbfhCasZl
UNSORTED__42,,,Engine,,,1,LOADING..🚛,https://www.facebook.com/jdmmiamimotors/posts/pfbid026zLvsmcX2k5m2A38or7boNvgu33QnrG2i3iyTaToj2rjod3b3gzAD7zUEJfAf7Fsl
UNSORTED__43,,,Engine,,,1,LOADING..🚛,https://www.facebook.com/jdmmiamimotors/posts/pfbid02U4d9E2c9LwsEFXwRSvREF53TK744GTLDWnM68HtsHYZwyD1AgrQVJ9Tp91amHsjbl
UNSORTED__44,,,Engine,,,1,LOADING..🚛,https://www.facebook.com/jdmmiamimotors/posts/pfbid0qhn2hkKCNCYk3djdpyseWRvPUdr7JEkxs2nHsnrhnPysLCCbMwV3smRm8JrBVadSl
UNSORTED__45,,,Engine,,,1,LOADING..🚛,https://www.facebook.com/jdmmiamimotors/posts/pfbid035pk1T6XrwXdJ4Z36gTv8Wv3WjkLn74pPwtWSVUqYBSL7FKLg98F2Bgm6ZMskX8wLl
UNSORTED__46,,,Engine,,,1,LOADING..🚛,https://www.facebook.com/jdmmiamimotors/posts/pfbid0WYM1uCNpMDMJk5M2twbpGYDGUXPCc1XAEehdds45QDp6AyZVC7Q2ZcTYB3kFEtCLl
UNSORTED__47,,,Engine,,,1,LOADING..🚛,https://www.facebook.com/jdmmiamimotors/posts/pfbid02tKMo8bM7fv3oCEaqSi9jVvyT5y1U9TQaTkhd5nvSiACXPbPwqaN6NRLJZf8whEJ5l
UNSORTED__48,,,Engine,,,1,LOADING..🚛,https://www.facebook.com/jdmmiamimotors/posts/pfbid031oUBnCRFwaLqkHvfW5WXUTsAMmkHg9kJa4NgevwocVBrBhpCTSzSZYKVVqThUAm9l
UNSORTED__49,,,Engine,,,1,LOADING..🚛🎊,https://www.facebook.com/jdmmiamimotors/posts/pfbid0ahvDEGDC4jkNitAcegAm733MVV3LqtYYFaT1ZWsg3d3eNfGssJNyD53f65ia153Cl
